time,saves,active_labels,active_pages,active_ip16,bytes_written,deletes,probes
2026-05-17 05:00:00+00:00,0,0,0,0,0,0,3
2026-05-17 06:00:00+00:00,0,0,0,0,0,0,0
2026-05-17 07:00:00+00:00,0,0,0,0,0,0,0
2026-05-17 08:00:00+00:00,0,0,0,0,0,0,0
2026-05-17 09:00:00+00:00,0,0,0,0,0,0,0
2026-05-17 10:00:00+00:00,0,0,0,0,0,0,0
2026-05-17 11:00:00+00:00,0,0,0,0,0,0,0
2026-05-17 12:00:00+00:00,0,0,0,0,0,0,0
2026-05-17 13:00:00+00:00,0,0,0,0,0,0,0
2026-05-17 14:00:00+00:00,0,0,0,0,0,0,0
2026-05-17 15:00:00+00:00,0,0,0,0,0,0,0
2026-05-17 16:00:00+00:00,0,0,0,0,0,0,0
2026-05-17 17:00:00+00:00,0,0,0,0,0,0,0
2026-05-17 18:00:00+00:00,0,0,0,0,0,0,0
2026-05-17 19:00:00+00:00,0,0,0,0,0,0,0
2026-05-17 20:00:00+00:00,0,0,0,0,0,0,0
2026-05-17 21:00:00+00:00,0,0,0,0,0,0,0
2026-05-17 22:00:00+00:00,0,0,0,0,0,0,0
2026-05-17 23:00:00+00:00,0,0,0,0,0,0,0
2026-05-18 00:00:00+00:00,0,0,0,0,0,0,0
2026-05-18 01:00:00+00:00,0,0,0,0,0,0,0
2026-05-18 02:00:00+00:00,0,0,0,0,0,0,0
2026-05-18 03:00:00+00:00,0,0,0,0,0,0,0
2026-05-18 04:00:00+00:00,0,0,0,0,0,0,0
2026-05-18 05:00:00+00:00,0,0,0,0,0,0,0
2026-05-18 06:00:00+00:00,0,0,0,0,0,0,0
2026-05-18 07:00:00+00:00,0,0,0,0,0,0,0
2026-05-18 08:00:00+00:00,0,0,0,0,0,0,0
2026-05-18 09:00:00+00:00,0,0,0,0,0,0,0
2026-05-18 10:00:00+00:00,0,0,0,0,0,0,0
2026-05-18 11:00:00+00:00,0,0,0,0,0,0,0
2026-05-18 12:00:00+00:00,0,0,0,0,0,0,0
2026-05-18 13:00:00+00:00,0,0,0,0,0,0,0
2026-05-18 14:00:00+00:00,0,0,0,0,0,0,0
2026-05-18 15:00:00+00:00,0,0,0,0,0,0,0
2026-05-18 16:00:00+00:00,0,0,0,0,0,0,0
2026-05-18 17:00:00+00:00,0,0,0,0,0,0,0
2026-05-18 18:00:00+00:00,0,0,0,0,0,0,0
2026-05-18 19:00:00+00:00,0,0,0,0,0,0,0
2026-05-18 20:00:00+00:00,0,0,0,0,0,0,0
2026-05-18 21:00:00+00:00,0,0,0,0,0,0,0
2026-05-18 22:00:00+00:00,0,0,0,0,0,0,0
2026-05-18 23:00:00+00:00,0,0,0,0,0,0,0
2026-05-19 00:00:00+00:00,0,0,0,0,0,0,0
2026-05-19 01:00:00+00:00,0,0,0,0,0,0,0
2026-05-19 02:00:00+00:00,0,0,0,0,0,0,0
2026-05-19 03:00:00+00:00,0,0,0,0,0,0,0
2026-05-19 04:00:00+00:00,0,0,0,0,0,0,0
2026-05-19 05:00:00+00:00,0,0,0,0,0,0,0
2026-05-19 06:00:00+00:00,0,0,0,0,0,0,0
2026-05-19 07:00:00+00:00,0,0,0,0,0,0,0
2026-05-19 08:00:00+00:00,0,0,0,0,0,0,0
2026-05-19 09:00:00+00:00,0,0,0,0,0,0,0
2026-05-19 10:00:00+00:00,0,0,0,0,0,0,0
2026-05-19 11:00:00+00:00,0,0,0,0,0,0,0
2026-05-19 12:00:00+00:00,0,0,0,0,0,0,0
2026-05-19 13:00:00+00:00,0,0,0,0,0,0,0
2026-05-19 14:00:00+00:00,0,0,0,0,0,0,0
2026-05-19 15:00:00+00:00,0,0,0,0,0,0,0
2026-05-19 16:00:00+00:00,0,0,0,0,0,0,0
2026-05-19 17:00:00+00:00,0,0,0,0,0,0,0
2026-05-19 18:00:00+00:00,0,0,0,0,0,0,0
2026-05-19 19:00:00+00:00,0,0,0,0,0,0,0
2026-05-19 20:00:00+00:00,0,0,0,0,0,0,0
2026-05-19 21:00:00+00:00,0,0,0,0,0,0,0
2026-05-19 22:00:00+00:00,0,0,0,0,0,0,0
2026-05-19 23:00:00+00:00,0,0,0,0,0,0,0
2026-05-20 00:00:00+00:00,0,0,0,0,0,0,0
2026-05-20 01:00:00+00:00,0,0,0,0,0,0,0
2026-05-20 02:00:00+00:00,0,0,0,0,0,0,0
2026-05-20 03:00:00+00:00,0,0,0,0,0,0,0
2026-05-20 04:00:00+00:00,0,0,0,0,0,0,0
2026-05-20 05:00:00+00:00,0,0,0,0,0,0,0
2026-05-20 06:00:00+00:00,0,0,0,0,0,0,0
2026-05-20 07:00:00+00:00,0,0,0,0,0,0,0
2026-05-20 08:00:00+00:00,0,0,0,0,0,0,0
2026-05-20 09:00:00+00:00,0,0,0,0,0,0,0
2026-05-20 10:00:00+00:00,0,0,0,0,0,0,0
2026-05-20 11:00:00+00:00,0,0,0,0,0,0,0
2026-05-20 12:00:00+00:00,0,0,0,0,0,0,0
2026-05-20 13:00:00+00:00,0,0,0,0,0,0,0
2026-05-20 14:00:00+00:00,0,0,0,0,0,0,0
2026-05-20 15:00:00+00:00,0,0,0,0,0,0,0
2026-05-20 16:00:00+00:00,0,0,0,0,0,0,0
2026-05-20 17:00:00+00:00,0,0,0,0,0,0,0
2026-05-20 18:00:00+00:00,0,0,0,0,0,0,0
2026-05-20 19:00:00+00:00,0,0,0,0,0,0,0
2026-05-20 20:00:00+00:00,0,0,0,0,0,0,0
2026-05-20 21:00:00+00:00,0,0,0,0,0,0,0
2026-05-20 22:00:00+00:00,0,0,0,0,0,0,0
2026-05-20 23:00:00+00:00,0,0,0,0,0,0,0
2026-05-21 00:00:00+00:00,0,0,0,0,0,0,0
2026-05-21 01:00:00+00:00,0,0,0,0,0,0,0
2026-05-21 02:00:00+00:00,0,0,0,0,0,0,0
2026-05-21 03:00:00+00:00,0,0,0,0,0,0,0
2026-05-21 04:00:00+00:00,0,0,0,0,0,0,0
2026-05-21 05:00:00+00:00,0,0,0,0,0,0,0
2026-05-21 06:00:00+00:00,0,0,0,0,0,0,0
2026-05-21 07:00:00+00:00,0,0,0,0,0,0,0
2026-05-21 08:00:00+00:00,0,0,0,0,0,0,0
2026-05-21 09:00:00+00:00,0,0,0,0,0,0,0
2026-05-21 10:00:00+00:00,0,0,0,0,0,0,0
2026-05-21 11:00:00+00:00,0,0,0,0,0,0,0
2026-05-21 12:00:00+00:00,0,0,0,0,0,0,0
2026-05-21 13:00:00+00:00,0,0,0,0,0,0,0
2026-05-21 14:00:00+00:00,0,0,0,0,0,0,0
2026-05-21 15:00:00+00:00,0,0,0,0,0,0,0
2026-05-21 16:00:00+00:00,0,0,0,0,0,0,0
2026-05-21 17:00:00+00:00,0,0,0,0,0,0,0
2026-05-21 18:00:00+00:00,0,0,0,0,0,0,0
2026-05-21 19:00:00+00:00,0,0,0,0,0,0,0
2026-05-21 20:00:00+00:00,0,0,0,0,0,0,0
2026-05-21 21:00:00+00:00,0,0,0,0,0,0,0
2026-05-21 22:00:00+00:00,0,0,0,0,0,0,0
2026-05-21 23:00:00+00:00,0,0,0,0,0,0,0
2026-05-22 00:00:00+00:00,0,0,0,0,0,0,0
2026-05-22 01:00:00+00:00,0,0,0,0,0,0,0
2026-05-22 02:00:00+00:00,0,0,0,0,0,0,0
2026-05-22 03:00:00+00:00,0,0,0,0,0,0,0
2026-05-22 04:00:00+00:00,0,0,0,0,0,0,0
2026-05-22 05:00:00+00:00,0,0,0,0,0,0,0
2026-05-22 06:00:00+00:00,0,0,0,0,0,0,0
2026-05-22 07:00:00+00:00,0,0,0,0,0,0,0
2026-05-22 08:00:00+00:00,0,0,0,0,0,0,0
2026-05-22 09:00:00+00:00,0,0,0,0,0,0,0
2026-05-22 10:00:00+00:00,0,0,0,0,0,0,0
2026-05-22 11:00:00+00:00,0,0,0,0,0,0,0
2026-05-22 12:00:00+00:00,0,0,0,0,0,0,0
2026-05-22 13:00:00+00:00,0,0,0,0,0,0,0
2026-05-22 14:00:00+00:00,0,0,0,0,0,0,0
2026-05-22 15:00:00+00:00,0,0,0,0,0,0,0
2026-05-22 16:00:00+00:00,0,0,0,0,0,0,0
2026-05-22 17:00:00+00:00,0,0,0,0,0,0,0
2026-05-22 18:00:00+00:00,0,0,0,0,0,0,0
2026-05-22 19:00:00+00:00,0,0,0,0,0,0,0
2026-05-22 20:00:00+00:00,0,0,0,0,0,0,0
2026-05-22 21:00:00+00:00,0,0,0,0,0,0,0
2026-05-22 22:00:00+00:00,0,0,0,0,0,0,0
2026-05-22 23:00:00+00:00,0,0,0,0,0,0,0
2026-05-23 00:00:00+00:00,0,0,0,0,0,0,0
2026-05-23 01:00:00+00:00,0,0,0,0,0,0,0
2026-05-23 02:00:00+00:00,0,0,0,0,0,0,0
2026-05-23 03:00:00+00:00,0,0,0,0,0,0,0
2026-05-23 04:00:00+00:00,0,0,0,0,0,0,0
2026-05-23 05:00:00+00:00,0,0,0,0,0,0,0
2026-05-23 06:00:00+00:00,0,0,0,0,0,0,0
2026-05-23 07:00:00+00:00,0,0,0,0,0,0,0
2026-05-23 08:00:00+00:00,0,0,0,0,0,0,0
2026-05-23 09:00:00+00:00,0,0,0,0,0,0,0
2026-05-23 10:00:00+00:00,0,0,0,0,0,0,0
2026-05-23 11:00:00+00:00,0,0,0,0,0,0,0
2026-05-23 12:00:00+00:00,0,0,0,0,0,0,0
2026-05-23 13:00:00+00:00,0,0,0,0,0,0,0
2026-05-23 14:00:00+00:00,0,0,0,0,0,0,0
2026-05-23 15:00:00+00:00,0,0,0,0,0,0,0
2026-05-23 16:00:00+00:00,0,0,0,0,0,0,0
2026-05-23 17:00:00+00:00,0,0,0,0,0,0,0
2026-05-23 18:00:00+00:00,0,0,0,0,0,0,0
2026-05-23 19:00:00+00:00,0,0,0,0,0,0,0
2026-05-23 20:00:00+00:00,0,0,0,0,0,0,0
2026-05-23 21:00:00+00:00,0,0,0,0,0,0,0
2026-05-23 22:00:00+00:00,0,0,0,0,0,0,0
2026-05-23 23:00:00+00:00,0,0,0,0,0,0,0
2026-05-24 00:00:00+00:00,0,0,0,0,0,0,0
2026-05-24 01:00:00+00:00,0,0,0,0,0,0,0
2026-05-24 02:00:00+00:00,0,0,0,0,0,0,0
2026-05-24 03:00:00+00:00,0,0,0,0,0,0,0
2026-05-24 04:00:00+00:00,0,0,0,0,0,0,0
2026-05-24 05:00:00+00:00,0,0,0,0,0,0,0
2026-05-24 06:00:00+00:00,3,3,2,3,1015,0,0
2026-05-24 07:00:00+00:00,0,0,0,0,0,0,0
2026-05-24 08:00:00+00:00,0,0,0,0,0,0,0
2026-05-24 09:00:00+00:00,0,0,0,0,0,0,0
2026-05-24 10:00:00+00:00,0,0,0,0,0,0,0
2026-05-24 11:00:00+00:00,4,3,4,4,1773,0,12
2026-05-24 12:00:00+00:00,1,1,1,1,706,0,0
2026-05-24 13:00:00+00:00,7,7,4,7,954,0,2
2026-05-24 14:00:00+00:00,14,9,8,11,3013,0,0
2026-05-24 15:00:00+00:00,3,1,2,3,52,0,0
2026-05-24 16:00:00+00:00,1,1,1,1,22,0,0
2026-05-24 17:00:00+00:00,0,0,0,0,0,0,0
2026-05-24 18:00:00+00:00,2,2,2,2,1435,0,0
2026-05-24 19:00:00+00:00,0,0,0,0,0,0,0
2026-05-24 20:00:00+00:00,0,0,0,0,0,0,0
2026-05-24 21:00:00+00:00,0,0,0,0,0,0,0
2026-05-24 22:00:00+00:00,0,0,0,0,0,0,0
2026-05-24 23:00:00+00:00,0,0,0,0,0,0,0
2026-05-25 00:00:00+00:00,0,0,0,0,0,0,0
2026-05-25 01:00:00+00:00,0,0,0,0,0,0,0
2026-05-25 02:00:00+00:00,0,0,0,0,0,0,0
2026-05-25 03:00:00+00:00,0,0,0,0,0,0,0
2026-05-25 04:00:00+00:00,0,0,0,0,0,0,0
2026-05-25 05:00:00+00:00,0,0,0,0,0,0,0
2026-05-25 06:00:00+00:00,0,0,0,0,0,0,0
2026-05-25 07:00:00+00:00,0,0,0,0,0,0,0
2026-05-25 08:00:00+00:00,0,0,0,0,0,0,0
2026-05-25 09:00:00+00:00,0,0,0,0,0,0,0
2026-05-25 10:00:00+00:00,0,0,0,0,0,0,0
2026-05-25 11:00:00+00:00,0,0,0,0,0,0,0
2026-05-25 12:00:00+00:00,0,0,0,0,0,0,0
2026-05-25 13:00:00+00:00,0,0,0,0,0,0,0
2026-05-25 14:00:00+00:00,0,0,0,0,0,0,0
2026-05-25 15:00:00+00:00,0,0,0,0,0,0,0
2026-05-25 16:00:00+00:00,0,0,0,0,0,0,0
2026-05-25 17:00:00+00:00,0,0,0,0,0,0,0
2026-05-25 18:00:00+00:00,0,0,0,0,0,0,0
2026-05-25 19:00:00+00:00,0,0,0,0,0,0,0
2026-05-25 20:00:00+00:00,0,0,0,0,0,0,0
2026-05-25 21:00:00+00:00,0,0,0,0,0,0,0
2026-05-25 22:00:00+00:00,0,0,0,0,0,0,0
2026-05-25 23:00:00+00:00,0,0,0,0,0,0,0
2026-05-26 00:00:00+00:00,0,0,0,0,0,0,0
2026-05-26 01:00:00+00:00,0,0,0,0,0,0,0
2026-05-26 02:00:00+00:00,0,0,0,0,0,0,0
2026-05-26 03:00:00+00:00,0,0,0,0,0,0,0
2026-05-26 04:00:00+00:00,0,0,0,0,0,0,0
2026-05-26 05:00:00+00:00,1,1,1,1,425,0,0
2026-05-26 06:00:00+00:00,0,0,0,0,0,0,0
2026-05-26 07:00:00+00:00,0,0,0,0,0,0,0
2026-05-26 08:00:00+00:00,0,0,0,0,0,0,0
2026-05-26 09:00:00+00:00,3,3,3,3,364,0,0
2026-05-26 10:00:00+00:00,23,16,18,14,16476,0,1
2026-05-26 11:00:00+00:00,52,25,46,38,21966,0,1
2026-05-26 12:00:00+00:00,33,14,29,25,6395,0,1
2026-05-26 13:00:00+00:00,81,35,74,53,18394,0,6
2026-05-26 14:00:00+00:00,78,39,62,42,26927,0,7
2026-05-26 15:00:00+00:00,58,28,51,41,21509,0,4
2026-05-26 16:00:00+00:00,105,61,72,57,47334,0,0
2026-05-26 17:00:00+00:00,1,1,1,1,1979,0,0
2026-05-26 18:00:00+00:00,0,0,0,0,0,0,0
2026-05-26 19:00:00+00:00,0,0,0,0,0,0,0
2026-05-26 20:00:00+00:00,0,0,0,0,0,0,0
2026-05-26 21:00:00+00:00,0,0,0,0,0,0,0
2026-05-26 22:00:00+00:00,0,0,0,0,0,0,0
2026-05-26 23:00:00+00:00,1,1,1,1,115,0,0
2026-05-27 00:00:00+00:00,2,2,2,2,764,0,0
2026-05-27 01:00:00+00:00,2,2,1,2,89,0,0
2026-05-27 02:00:00+00:00,5,5,5,5,5351,0,0
2026-05-27 03:00:00+00:00,1,1,1,1,328,0,0
2026-05-27 04:00:00+00:00,3,1,3,3,3363,0,0
2026-05-27 05:00:00+00:00,0,0,0,0,0,0,0
2026-05-27 06:00:00+00:00,4,2,3,4,15708,0,0
2026-05-27 07:00:00+00:00,8,6,6,7,10729,0,0
2026-05-27 08:00:00+00:00,8,7,3,8,23965,0,0
2026-05-27 09:00:00+00:00,1,1,1,1,6717,0,0
2026-05-27 10:00:00+00:00,0,0,0,0,0,0,0
2026-05-27 11:00:00+00:00,0,0,0,0,0,0,0
2026-05-27 12:00:00+00:00,12,10,11,12,1909,0,0
2026-05-27 13:00:00+00:00,2,2,2,2,210,0,0
2026-05-27 14:00:00+00:00,0,0,0,0,0,0,0
2026-05-27 15:00:00+00:00,0,0,0,0,0,0,0
2026-05-27 16:00:00+00:00,0,0,0,0,0,0,0
2026-05-27 17:00:00+00:00,0,0,0,0,0,0,0
2026-05-27 18:00:00+00:00,0,0,0,0,0,0,0
2026-05-27 19:00:00+00:00,0,0,0,0,0,0,0
2026-05-27 20:00:00+00:00,0,0,0,0,0,0,0
2026-05-27 21:00:00+00:00,0,0,0,0,0,0,0
2026-05-27 22:00:00+00:00,0,0,0,0,0,0,0
2026-05-27 23:00:00+00:00,0,0,0,0,0,0,0
2026-05-28 00:00:00+00:00,9,7,8,9,3369,0,0
2026-05-28 01:00:00+00:00,9,8,9,9,2123,0,0
2026-05-28 02:00:00+00:00,0,0,0,0,0,0,0
2026-05-28 03:00:00+00:00,0,0,0,0,0,0,0
2026-05-28 04:00:00+00:00,0,0,0,0,0,0,0
2026-05-28 05:00:00+00:00,0,0,0,0,0,0,0
2026-05-28 06:00:00+00:00,0,0,0,0,0,0,0
2026-05-28 07:00:00+00:00,4,3,3,4,880,0,0
2026-05-28 08:00:00+00:00,1,1,1,1,1318,0,0
2026-05-28 09:00:00+00:00,3,1,2,3,2728,0,0
2026-05-28 10:00:00+00:00,0,0,0,0,0,0,0
2026-05-28 11:00:00+00:00,1,1,1,1,1179,0,0
2026-05-28 12:00:00+00:00,6,6,6,6,8833,0,0
2026-05-28 13:00:00+00:00,32,24,25,25,36000,0,0
2026-05-28 14:00:00+00:00,43,25,38,32,58047,0,0
2026-05-28 15:00:00+00:00,33,20,29,27,45389,0,0
2026-05-28 16:00:00+00:00,13,11,13,10,11105,0,0
2026-05-28 17:00:00+00:00,1,1,1,1,739,0,0
2026-05-28 18:00:00+00:00,1,1,1,1,176,0,0
2026-05-28 19:00:00+00:00,15,5,13,14,10418,0,0
2026-05-28 20:00:00+00:00,5,3,5,5,1719,0,0
2026-05-28 21:00:00+00:00,13,7,13,12,20684,0,0
2026-05-28 22:00:00+00:00,12,6,12,11,16389,0,0
2026-05-28 23:00:00+00:00,9,7,9,9,12389,0,0
2026-05-29 00:00:00+00:00,2,1,2,2,1503,0,0
2026-05-29 01:00:00+00:00,0,0,0,0,0,0,0
2026-05-29 02:00:00+00:00,0,0,0,0,0,0,0
2026-05-29 03:00:00+00:00,0,0,0,0,0,0,0
2026-05-29 04:00:00+00:00,0,0,0,0,0,0,0
2026-05-29 05:00:00+00:00,0,0,0,0,0,0,0
2026-05-29 06:00:00+00:00,0,0,0,0,0,0,0
2026-05-29 07:00:00+00:00,0,0,0,0,0,0,0
2026-05-29 08:00:00+00:00,0,0,0,0,0,0,0
2026-05-29 09:00:00+00:00,0,0,0,0,0,0,0
2026-05-29 10:00:00+00:00,0,0,0,0,0,0,0
2026-05-29 11:00:00+00:00,0,0,0,0,0,0,0
2026-05-29 12:00:00+00:00,0,0,0,0,0,0,0
2026-05-29 13:00:00+00:00,0,0,0,0,0,0,0
2026-05-29 14:00:00+00:00,0,0,0,0,0,0,0
2026-05-29 15:00:00+00:00,0,0,0,0,0,0,0
2026-05-29 16:00:00+00:00,0,0,0,0,0,0,0
2026-05-29 17:00:00+00:00,0,0,0,0,0,0,0
2026-05-29 18:00:00+00:00,0,0,0,0,0,0,0
2026-05-29 19:00:00+00:00,3,3,3,3,827,0,0
2026-05-29 20:00:00+00:00,0,0,0,0,0,0,0
2026-05-29 21:00:00+00:00,4,3,1,4,763,0,0
2026-05-29 22:00:00+00:00,40,26,24,33,36004,0,0
2026-05-29 23:00:00+00:00,28,21,23,22,16619,0,0
2026-05-30 00:00:00+00:00,0,0,0,0,0,0,0
2026-05-30 01:00:00+00:00,0,0,0,0,0,0,0
2026-05-30 02:00:00+00:00,0,0,0,0,0,0,0
2026-05-30 03:00:00+00:00,0,0,0,0,0,0,0
2026-05-30 04:00:00+00:00,0,0,0,0,0,0,0
2026-05-30 05:00:00+00:00,0,0,0,0,0,0,0
2026-05-30 06:00:00+00:00,0,0,0,0,0,0,0
2026-05-30 07:00:00+00:00,0,0,0,0,0,0,0
2026-05-30 08:00:00+00:00,0,0,0,0,0,0,0
2026-05-30 09:00:00+00:00,0,0,0,0,0,0,0
2026-05-30 10:00:00+00:00,0,0,0,0,0,0,0
2026-05-30 11:00:00+00:00,0,0,0,0,0,0,0
2026-05-30 12:00:00+00:00,0,0,0,0,0,0,0
2026-05-30 13:00:00+00:00,0,0,0,0,0,0,0
2026-05-30 14:00:00+00:00,0,0,0,0,0,0,0
2026-05-30 15:00:00+00:00,0,0,0,0,0,0,0
2026-05-30 16:00:00+00:00,0,0,0,0,0,0,0
2026-05-30 17:00:00+00:00,6,5,3,6,1221,0,1
2026-05-30 18:00:00+00:00,0,0,0,0,0,0,0
2026-05-30 19:00:00+00:00,3,3,3,3,2259,0,0
2026-05-30 20:00:00+00:00,8,7,7,8,3409,0,0
2026-05-30 21:00:00+00:00,8,8,7,6,5657,0,0
2026-05-30 22:00:00+00:00,11,6,10,10,4647,0,0
2026-05-30 23:00:00+00:00,8,5,6,8,3448,0,0
2026-05-31 00:00:00+00:00,9,4,7,9,2710,0,1
2026-05-31 01:00:00+00:00,0,0,0,0,0,0,0
2026-05-31 02:00:00+00:00,0,0,0,0,0,0,0
2026-05-31 03:00:00+00:00,0,0,0,0,0,0,0
2026-05-31 04:00:00+00:00,0,0,0,0,0,0,0
2026-05-31 05:00:00+00:00,0,0,0,0,0,0,0
2026-05-31 06:00:00+00:00,0,0,0,0,0,0,0
2026-05-31 07:00:00+00:00,0,0,0,0,0,0,0
2026-05-31 08:00:00+00:00,0,0,0,0,0,0,0
2026-05-31 09:00:00+00:00,0,0,0,0,0,0,0
2026-05-31 10:00:00+00:00,0,0,0,0,0,0,0
2026-05-31 11:00:00+00:00,0,0,0,0,0,0,0
2026-05-31 12:00:00+00:00,0,0,0,0,0,0,0
2026-05-31 13:00:00+00:00,0,0,0,0,0,0,0
2026-05-31 14:00:00+00:00,0,0,0,0,0,0,0
2026-05-31 15:00:00+00:00,0,0,0,0,0,0,0
2026-05-31 16:00:00+00:00,0,0,0,0,0,0,0
2026-05-31 17:00:00+00:00,0,0,0,0,0,0,0
2026-05-31 18:00:00+00:00,0,0,0,0,0,0,0
2026-05-31 19:00:00+00:00,0,0,0,0,0,0,0
2026-05-31 20:00:00+00:00,0,0,0,0,0,0,0
2026-05-31 21:00:00+00:00,0,0,0,0,0,0,0
2026-05-31 22:00:00+00:00,2,1,2,2,2534,0,0
2026-05-31 23:00:00+00:00,5,1,2,4,1571,0,0
2026-06-01 00:00:00+00:00,4,4,4,4,1131,0,0
2026-06-01 01:00:00+00:00,0,0,0,0,0,0,0
2026-06-01 02:00:00+00:00,0,0,0,0,0,0,0
2026-06-01 03:00:00+00:00,7,6,6,6,2053,0,0
2026-06-01 04:00:00+00:00,0,0,0,0,0,0,0
2026-06-01 05:00:00+00:00,0,0,0,0,0,0,0
2026-06-01 06:00:00+00:00,0,0,0,0,0,0,0
2026-06-01 07:00:00+00:00,0,0,0,0,0,0,0
2026-06-01 08:00:00+00:00,0,0,0,0,0,0,0
2026-06-01 09:00:00+00:00,0,0,0,0,0,0,0
2026-06-01 10:00:00+00:00,0,0,0,0,0,0,0
2026-06-01 11:00:00+00:00,0,0,0,0,0,0,0
2026-06-01 12:00:00+00:00,9,6,7,7,4945,0,0
2026-06-01 13:00:00+00:00,15,8,13,13,18250,0,0
2026-06-01 14:00:00+00:00,75,45,64,45,79981,0,0
2026-06-01 15:00:00+00:00,12,9,11,12,11259,0,0
2026-06-01 16:00:00+00:00,4,4,4,4,1125,0,0
2026-06-01 17:00:00+00:00,0,0,0,0,0,0,0
2026-06-01 18:00:00+00:00,0,0,0,0,0,0,0
2026-06-01 19:00:00+00:00,0,0,0,0,0,0,0
2026-06-01 20:00:00+00:00,0,0,0,0,0,0,0
2026-06-01 21:00:00+00:00,1,1,1,1,719,0,0
2026-06-01 22:00:00+00:00,3,1,3,3,3940,0,0
2026-06-01 23:00:00+00:00,10,5,7,8,3083,0,0
2026-06-02 00:00:00+00:00,0,0,0,0,0,0,0
2026-06-02 01:00:00+00:00,0,0,0,0,0,0,0
2026-06-02 02:00:00+00:00,0,0,0,0,0,0,0
2026-06-02 03:00:00+00:00,0,0,0,0,0,0,0
2026-06-02 04:00:00+00:00,0,0,0,0,0,0,0
2026-06-02 05:00:00+00:00,0,0,0,0,0,0,0
2026-06-02 06:00:00+00:00,0,0,0,0,0,0,0
2026-06-02 07:00:00+00:00,0,0,0,0,0,0,0
2026-06-02 08:00:00+00:00,1,1,1,1,91,0,0
2026-06-02 09:00:00+00:00,1,1,1,1,779,0,0
2026-06-02 10:00:00+00:00,0,0,0,0,0,0,0
2026-06-02 11:00:00+00:00,0,0,0,0,0,0,0
2026-06-02 12:00:00+00:00,0,0,0,0,0,0,0
2026-06-02 13:00:00+00:00,0,0,0,0,0,0,0
2026-06-02 14:00:00+00:00,0,0,0,0,0,0,0
2026-06-02 15:00:00+00:00,0,0,0,0,0,0,0
2026-06-02 16:00:00+00:00,0,0,0,0,0,0,0
2026-06-02 17:00:00+00:00,0,0,0,0,0,0,0
2026-06-02 18:00:00+00:00,0,0,0,0,0,0,0
2026-06-02 19:00:00+00:00,0,0,0,0,0,0,0
2026-06-02 20:00:00+00:00,0,0,0,0,0,0,0
2026-06-02 21:00:00+00:00,0,0,0,0,0,0,0
2026-06-02 22:00:00+00:00,0,0,0,0,0,0,0
2026-06-02 23:00:00+00:00,2,1,2,1,4377,0,0
2026-06-03 00:00:00+00:00,0,0,0,0,0,0,0
2026-06-03 01:00:00+00:00,0,0,0,0,0,0,0
2026-06-03 02:00:00+00:00,0,0,0,0,0,0,0
2026-06-03 03:00:00+00:00,0,0,0,0,0,0,0
2026-06-03 04:00:00+00:00,0,0,0,0,0,0,0
2026-06-03 05:00:00+00:00,0,0,0,0,0,0,0
2026-06-03 06:00:00+00:00,0,0,0,0,0,0,0
2026-06-03 07:00:00+00:00,0,0,0,0,0,0,0
2026-06-03 08:00:00+00:00,0,0,0,0,0,0,0
2026-06-03 09:00:00+00:00,0,0,0,0,0,0,0
2026-06-03 10:00:00+00:00,0,0,0,0,0,0,0
2026-06-03 11:00:00+00:00,0,0,0,0,0,0,0
2026-06-03 12:00:00+00:00,0,0,0,0,0,0,0
2026-06-03 13:00:00+00:00,0,0,0,0,0,0,0
2026-06-03 14:00:00+00:00,0,0,0,0,0,0,0
2026-06-03 15:00:00+00:00,0,0,0,0,0,0,0
2026-06-03 16:00:00+00:00,0,0,0,0,0,0,0
2026-06-03 17:00:00+00:00,0,0,0,0,0,0,0
2026-06-03 18:00:00+00:00,0,0,0,0,0,0,0
2026-06-03 19:00:00+00:00,0,0,0,0,0,0,0
2026-06-03 20:00:00+00:00,0,0,0,0,0,0,0
2026-06-03 21:00:00+00:00,0,0,0,0,0,0,0
2026-06-03 22:00:00+00:00,0,0,0,0,0,0,0
2026-06-03 23:00:00+00:00,0,0,0,0,0,0,0
2026-06-04 00:00:00+00:00,0,0,0,0,0,0,0
2026-06-04 01:00:00+00:00,0,0,0,0,0,0,0
2026-06-04 02:00:00+00:00,0,0,0,0,0,0,0
2026-06-04 03:00:00+00:00,0,0,0,0,0,0,0
2026-06-04 04:00:00+00:00,0,0,0,0,0,0,0
2026-06-04 05:00:00+00:00,0,0,0,0,0,0,0
2026-06-04 06:00:00+00:00,0,0,0,0,0,0,0
2026-06-04 07:00:00+00:00,0,0,0,0,0,0,0
2026-06-04 08:00:00+00:00,0,0,0,0,0,0,0
2026-06-04 09:00:00+00:00,0,0,0,0,0,0,0
2026-06-04 10:00:00+00:00,1,1,1,1,1655,2,0
2026-06-04 11:00:00+00:00,0,0,0,0,0,0,0
2026-06-04 12:00:00+00:00,0,0,0,0,0,0,0
2026-06-04 13:00:00+00:00,0,0,0,0,0,0,0
2026-06-04 14:00:00+00:00,0,0,0,0,0,0,0
2026-06-04 15:00:00+00:00,0,0,0,0,0,0,0
2026-06-04 16:00:00+00:00,1,1,1,1,1915,0,0
2026-06-04 17:00:00+00:00,2,2,2,2,962,0,0
2026-06-04 18:00:00+00:00,1,1,1,1,729,0,0
2026-06-04 19:00:00+00:00,0,0,0,0,0,0,0
2026-06-04 20:00:00+00:00,0,0,0,0,0,0,0
2026-06-04 21:00:00+00:00,0,0,0,0,0,0,0
2026-06-04 22:00:00+00:00,0,0,0,0,0,0,0
2026-06-04 23:00:00+00:00,0,0,0,0,0,0,0
2026-06-05 00:00:00+00:00,0,0,0,0,0,0,0
2026-06-05 01:00:00+00:00,0,0,0,0,0,0,0
2026-06-05 02:00:00+00:00,2,2,1,2,439,0,0
2026-06-05 03:00:00+00:00,0,0,0,0,0,0,0
2026-06-05 04:00:00+00:00,0,0,0,0,0,0,0
2026-06-05 05:00:00+00:00,0,0,0,0,0,0,0
2026-06-05 06:00:00+00:00,0,0,0,0,0,0,0
2026-06-05 07:00:00+00:00,0,0,0,0,0,0,0
2026-06-05 08:00:00+00:00,0,0,0,0,0,0,0
2026-06-05 09:00:00+00:00,0,0,0,0,0,0,0
2026-06-05 10:00:00+00:00,0,0,0,0,0,0,0
2026-06-05 11:00:00+00:00,0,0,0,0,0,0,0
2026-06-05 12:00:00+00:00,0,0,0,0,0,0,0
2026-06-05 13:00:00+00:00,0,0,0,0,0,0,0
2026-06-05 14:00:00+00:00,0,0,0,0,0,0,0
2026-06-05 15:00:00+00:00,0,0,0,0,0,0,0
2026-06-05 16:00:00+00:00,0,0,0,0,0,0,0
2026-06-05 17:00:00+00:00,0,0,0,0,0,0,0
2026-06-05 18:00:00+00:00,0,0,0,0,0,0,0
2026-06-05 19:00:00+00:00,0,0,0,0,0,0,0
2026-06-05 20:00:00+00:00,0,0,0,0,0,0,0
2026-06-05 21:00:00+00:00,0,0,0,0,0,0,0
2026-06-05 22:00:00+00:00,0,0,0,0,0,0,0
2026-06-05 23:00:00+00:00,0,0,0,0,0,0,0
2026-06-06 00:00:00+00:00,0,0,0,0,0,0,0
2026-06-06 01:00:00+00:00,0,0,0,0,0,0,0
2026-06-06 02:00:00+00:00,0,0,0,0,0,0,0
2026-06-06 03:00:00+00:00,0,0,0,0,0,0,0
2026-06-06 04:00:00+00:00,0,0,0,0,0,0,0
2026-06-06 05:00:00+00:00,0,0,0,0,0,0,0
2026-06-06 06:00:00+00:00,0,0,0,0,0,0,0
2026-06-06 07:00:00+00:00,5,1,3,5,11263,0,0
2026-06-06 08:00:00+00:00,1,1,1,1,4208,0,0
2026-06-06 09:00:00+00:00,0,0,0,0,0,0,0
2026-06-06 10:00:00+00:00,0,0,0,0,0,0,0
2026-06-06 11:00:00+00:00,0,0,0,0,0,0,0
2026-06-06 12:00:00+00:00,0,0,0,0,0,0,0
2026-06-06 13:00:00+00:00,0,0,0,0,0,0,0
2026-06-06 14:00:00+00:00,0,0,0,0,0,0,0
2026-06-06 15:00:00+00:00,0,0,0,0,0,0,0
2026-06-06 16:00:00+00:00,0,0,0,0,0,0,0
2026-06-06 17:00:00+00:00,0,0,0,0,0,0,0
2026-06-06 18:00:00+00:00,0,0,0,0,0,0,0
2026-06-06 19:00:00+00:00,5,1,3,4,1086,0,0
2026-06-06 20:00:00+00:00,0,0,0,0,0,0,0
2026-06-06 21:00:00+00:00,0,0,0,0,0,0,0
2026-06-06 22:00:00+00:00,0,0,0,0,0,0,0
2026-06-06 23:00:00+00:00,1,1,1,1,868,0,0
2026-06-07 00:00:00+00:00,0,0,0,0,0,0,0
2026-06-07 01:00:00+00:00,0,0,0,0,0,0,0
2026-06-07 02:00:00+00:00,0,0,0,0,0,0,0
2026-06-07 03:00:00+00:00,0,0,0,0,0,0,0
2026-06-07 04:00:00+00:00,5,5,5,4,1362,0,0
2026-06-07 05:00:00+00:00,6,5,5,6,1293,0,0
2026-06-07 06:00:00+00:00,0,0,0,0,0,0,0
2026-06-07 07:00:00+00:00,0,0,0,0,0,0,0
2026-06-07 08:00:00+00:00,0,0,0,0,0,0,0
2026-06-07 09:00:00+00:00,0,0,0,0,0,0,0
2026-06-07 10:00:00+00:00,0,0,0,0,0,0,0
2026-06-07 11:00:00+00:00,0,0,0,0,0,0,0
2026-06-07 12:00:00+00:00,0,0,0,0,0,0,0
2026-06-07 13:00:00+00:00,0,0,0,0,0,0,0
2026-06-07 14:00:00+00:00,0,0,0,0,0,0,0
2026-06-07 15:00:00+00:00,0,0,0,0,0,0,0
2026-06-07 16:00:00+00:00,0,0,0,0,0,0,0
2026-06-07 17:00:00+00:00,0,0,0,0,0,0,0
2026-06-07 18:00:00+00:00,0,0,0,0,0,0,0
2026-06-07 19:00:00+00:00,0,0,0,0,0,0,0
2026-06-07 20:00:00+00:00,2,2,1,2,3004,0,0
2026-06-07 21:00:00+00:00,0,0,0,0,0,0,0
2026-06-07 22:00:00+00:00,0,0,0,0,0,0,0
2026-06-07 23:00:00+00:00,0,0,0,0,0,0,0
2026-06-08 00:00:00+00:00,0,0,0,0,0,0,0
2026-06-08 01:00:00+00:00,0,0,0,0,0,0,0
2026-06-08 02:00:00+00:00,0,0,0,0,0,0,0
2026-06-08 03:00:00+00:00,7,7,7,7,3694,0,0
2026-06-08 04:00:00+00:00,7,7,6,7,2157,0,1
2026-06-08 05:00:00+00:00,0,0,0,0,0,0,0
2026-06-08 06:00:00+00:00,0,0,0,0,0,0,0
2026-06-08 07:00:00+00:00,0,0,0,0,0,0,0
2026-06-08 08:00:00+00:00,0,0,0,0,0,0,0
2026-06-08 09:00:00+00:00,0,0,0,0,0,0,0
2026-06-08 10:00:00+00:00,0,0,0,0,0,0,0
2026-06-08 11:00:00+00:00,0,0,0,0,0,0,0
2026-06-08 12:00:00+00:00,0,0,0,0,0,0,0
2026-06-08 13:00:00+00:00,0,0,0,0,0,0,0
2026-06-08 14:00:00+00:00,0,0,0,0,0,0,0
2026-06-08 15:00:00+00:00,0,0,0,0,0,0,0
2026-06-08 16:00:00+00:00,0,0,0,0,0,0,0
2026-06-08 17:00:00+00:00,0,0,0,0,0,0,0
2026-06-08 18:00:00+00:00,0,0,0,0,0,0,0
2026-06-08 19:00:00+00:00,0,0,0,0,0,0,0
2026-06-08 20:00:00+00:00,0,0,0,0,0,0,0
2026-06-08 21:00:00+00:00,0,0,0,0,0,0,0
2026-06-08 22:00:00+00:00,0,0,0,0,0,0,0
2026-06-08 23:00:00+00:00,0,0,0,0,0,0,0
2026-06-09 00:00:00+00:00,2,2,1,2,90,0,1
2026-06-09 01:00:00+00:00,0,0,0,0,0,0,0
2026-06-09 02:00:00+00:00,0,0,0,0,0,0,0
2026-06-09 03:00:00+00:00,0,0,0,0,0,0,0
2026-06-09 04:00:00+00:00,0,0,0,0,0,0,0
2026-06-09 05:00:00+00:00,0,0,0,0,0,0,0
2026-06-09 06:00:00+00:00,0,0,0,0,0,0,0
2026-06-09 07:00:00+00:00,0,0,0,0,0,0,0
2026-06-09 08:00:00+00:00,0,0,0,0,0,0,0
2026-06-09 09:00:00+00:00,4,1,3,3,668,0,0
2026-06-09 10:00:00+00:00,0,0,0,0,0,0,0
2026-06-09 11:00:00+00:00,0,0,0,0,0,0,0
2026-06-09 12:00:00+00:00,0,0,0,0,0,0,0
2026-06-09 13:00:00+00:00,0,0,0,0,0,0,0
2026-06-09 14:00:00+00:00,0,0,0,0,0,0,0
2026-06-09 15:00:00+00:00,0,0,0,0,0,0,0
2026-06-09 16:00:00+00:00,0,0,0,0,0,0,0
2026-06-09 17:00:00+00:00,0,0,0,0,0,0,0
2026-06-09 18:00:00+00:00,0,0,0,0,0,0,0
2026-06-09 19:00:00+00:00,0,0,0,0,0,0,0
2026-06-09 20:00:00+00:00,0,0,0,0,0,0,0
2026-06-09 21:00:00+00:00,0,0,0,0,0,0,0
2026-06-09 22:00:00+00:00,0,0,0,0,0,0,0
2026-06-09 23:00:00+00:00,0,0,0,0,0,0,0
2026-06-10 00:00:00+00:00,0,0,0,0,0,0,0
2026-06-10 01:00:00+00:00,0,0,0,0,0,0,0
2026-06-10 02:00:00+00:00,0,0,0,0,0,0,0
2026-06-10 03:00:00+00:00,0,0,0,0,0,0,0
2026-06-10 04:00:00+00:00,0,0,0,0,0,0,0
2026-06-10 05:00:00+00:00,0,0,0,0,0,0,0
2026-06-10 06:00:00+00:00,0,0,0,0,0,0,0
2026-06-10 07:00:00+00:00,0,0,0,0,0,0,0
2026-06-10 08:00:00+00:00,0,0,0,0,0,0,0
2026-06-10 09:00:00+00:00,0,0,0,0,0,0,0
2026-06-10 10:00:00+00:00,0,0,0,0,0,0,0
2026-06-10 11:00:00+00:00,0,0,0,0,0,0,0
2026-06-10 12:00:00+00:00,0,0,0,0,0,0,0
2026-06-10 13:00:00+00:00,4,1,2,2,467,0,0
2026-06-10 14:00:00+00:00,2,1,1,1,395,0,0
2026-06-10 15:00:00+00:00,0,0,0,0,0,0,0
2026-06-10 16:00:00+00:00,0,0,0,0,0,0,0
2026-06-10 17:00:00+00:00,0,0,0,0,0,0,0
2026-06-10 18:00:00+00:00,0,0,0,0,0,0,0
2026-06-10 19:00:00+00:00,0,0,0,0,0,0,0
2026-06-10 20:00:00+00:00,0,0,0,0,0,0,0
2026-06-10 21:00:00+00:00,0,0,0,0,0,0,0
2026-06-10 22:00:00+00:00,0,0,0,0,0,0,0
2026-06-10 23:00:00+00:00,0,0,0,0,0,0,0
2026-06-11 00:00:00+00:00,0,0,0,0,0,0,0
2026-06-11 01:00:00+00:00,0,0,0,0,0,0,0
2026-06-11 02:00:00+00:00,3,1,3,3,932,0,0
2026-06-11 03:00:00+00:00,12,4,8,12,3871,0,0
2026-06-11 04:00:00+00:00,12,7,9,12,5396,0,0
2026-06-11 05:00:00+00:00,14,11,10,11,4891,0,1
2026-06-11 06:00:00+00:00,12,7,8,11,12164,0,0
2026-06-11 07:00:00+00:00,13,12,7,12,10375,0,0
2026-06-11 08:00:00+00:00,6,6,4,6,8019,0,0
2026-06-11 09:00:00+00:00,7,5,3,6,4342,0,0
2026-06-11 10:00:00+00:00,6,6,2,5,5077,0,0
2026-06-11 11:00:00+00:00,6,5,5,6,2402,0,0
2026-06-11 12:00:00+00:00,8,6,3,8,5448,0,0
2026-06-11 13:00:00+00:00,21,13,17,20,13836,0,0
2026-06-11 14:00:00+00:00,25,20,19,20,19223,0,0
2026-06-11 15:00:00+00:00,5,3,5,5,8201,0,0
2026-06-11 16:00:00+00:00,4,3,4,4,5276,0,0
2026-06-11 17:00:00+00:00,5,5,5,5,5634,0,0
2026-06-11 18:00:00+00:00,1,1,1,1,1954,0,0
2026-06-11 19:00:00+00:00,1,1,1,1,1375,0,0
2026-06-11 20:00:00+00:00,0,0,0,0,0,0,0
2026-06-11 21:00:00+00:00,0,0,0,0,0,0,0
2026-06-11 22:00:00+00:00,0,0,0,0,0,0,0
2026-06-11 23:00:00+00:00,0,0,0,0,0,0,0
2026-06-12 00:00:00+00:00,0,0,0,0,0,0,0
2026-06-12 01:00:00+00:00,0,0,0,0,0,0,0
2026-06-12 02:00:00+00:00,0,0,0,0,0,0,0
2026-06-12 03:00:00+00:00,0,0,0,0,0,0,0
2026-06-12 04:00:00+00:00,0,0,0,0,0,0,0
2026-06-12 05:00:00+00:00,0,0,0,0,0,0,0
2026-06-12 06:00:00+00:00,0,0,0,0,0,0,0
2026-06-12 07:00:00+00:00,0,0,0,0,0,0,0
2026-06-12 08:00:00+00:00,0,0,0,0,0,0,0
2026-06-12 09:00:00+00:00,0,0,0,0,0,0,0
2026-06-12 10:00:00+00:00,0,0,0,0,0,0,0
2026-06-12 11:00:00+00:00,0,0,0,0,0,0,0
2026-06-12 12:00:00+00:00,0,0,0,0,0,0,0
2026-06-12 13:00:00+00:00,0,0,0,0,0,0,0
2026-06-12 14:00:00+00:00,0,0,0,0,0,0,0
2026-06-12 15:00:00+00:00,0,0,0,0,0,0,0
2026-06-12 16:00:00+00:00,0,0,0,0,0,0,0
2026-06-12 17:00:00+00:00,0,0,0,0,0,0,0
2026-06-12 18:00:00+00:00,0,0,0,0,0,0,0
2026-06-12 19:00:00+00:00,0,0,0,0,0,0,0
2026-06-12 20:00:00+00:00,0,0,0,0,0,0,0
2026-06-12 21:00:00+00:00,0,0,0,0,0,0,0
2026-06-12 22:00:00+00:00,0,0,0,0,0,0,0
2026-06-12 23:00:00+00:00,0,0,0,0,0,0,0
2026-06-13 00:00:00+00:00,0,0,0,0,0,0,0
2026-06-13 01:00:00+00:00,0,0,0,0,0,0,0
2026-06-13 02:00:00+00:00,0,0,0,0,0,0,0
2026-06-13 03:00:00+00:00,0,0,0,0,0,0,0
2026-06-13 04:00:00+00:00,0,0,0,0,0,0,0
2026-06-13 05:00:00+00:00,0,0,0,0,0,0,0
2026-06-13 06:00:00+00:00,0,0,0,0,0,0,0
2026-06-13 07:00:00+00:00,0,0,0,0,0,0,0
2026-06-13 08:00:00+00:00,0,0,0,0,0,0,0
2026-06-13 09:00:00+00:00,0,0,0,0,0,0,0
2026-06-13 10:00:00+00:00,0,0,0,0,0,0,0
2026-06-13 11:00:00+00:00,0,0,0,0,0,0,0
2026-06-13 12:00:00+00:00,0,0,0,0,0,0,0
2026-06-13 13:00:00+00:00,0,0,0,0,0,0,0
2026-06-13 14:00:00+00:00,0,0,0,0,0,0,0
2026-06-13 15:00:00+00:00,0,0,0,0,0,0,0
2026-06-13 16:00:00+00:00,0,0,0,0,0,0,0
2026-06-13 17:00:00+00:00,0,0,0,0,0,0,0
2026-06-13 18:00:00+00:00,0,0,0,0,0,0,0
2026-06-13 19:00:00+00:00,0,0,0,0,0,0,0
2026-06-13 20:00:00+00:00,0,0,0,0,0,0,0
2026-06-13 21:00:00+00:00,0,0,0,0,0,0,0
2026-06-13 22:00:00+00:00,0,0,0,0,0,0,0
2026-06-13 23:00:00+00:00,0,0,0,0,0,0,0
2026-06-14 00:00:00+00:00,0,0,0,0,0,0,0
2026-06-14 01:00:00+00:00,0,0,0,0,0,0,0
2026-06-14 02:00:00+00:00,0,0,0,0,0,0,0
2026-06-14 03:00:00+00:00,0,0,0,0,0,0,0
2026-06-14 04:00:00+00:00,0,0,0,0,0,0,0
2026-06-14 05:00:00+00:00,0,0,0,0,0,0,0
2026-06-14 06:00:00+00:00,0,0,0,0,0,0,0
2026-06-14 07:00:00+00:00,0,0,0,0,0,0,0
2026-06-14 08:00:00+00:00,0,0,0,0,0,0,0
2026-06-14 09:00:00+00:00,0,0,0,0,0,0,0
2026-06-14 10:00:00+00:00,0,0,0,0,0,0,0
2026-06-14 11:00:00+00:00,0,0,0,0,0,0,0
2026-06-14 12:00:00+00:00,0,0,0,0,0,0,0
2026-06-14 13:00:00+00:00,0,0,0,0,0,0,0
2026-06-14 14:00:00+00:00,0,0,0,0,0,0,0
2026-06-14 15:00:00+00:00,0,0,0,0,0,0,0
2026-06-14 16:00:00+00:00,0,0,0,0,0,0,1
2026-06-14 17:00:00+00:00,0,0,0,0,0,0,0
2026-06-14 18:00:00+00:00,0,0,0,0,0,0,0
2026-06-14 19:00:00+00:00,0,0,0,0,0,0,1
2026-06-14 20:00:00+00:00,0,0,0,0,0,0,0
2026-06-14 21:00:00+00:00,0,0,0,0,0,0,0
2026-06-14 22:00:00+00:00,0,0,0,0,0,0,0
2026-06-14 23:00:00+00:00,0,0,0,0,0,0,0
2026-06-15 00:00:00+00:00,0,0,0,0,0,0,0
2026-06-15 01:00:00+00:00,0,0,0,0,0,0,0
2026-06-15 02:00:00+00:00,0,0,0,0,0,0,0
2026-06-15 03:00:00+00:00,0,0,0,0,0,0,0
2026-06-15 04:00:00+00:00,0,0,0,0,0,0,0
2026-06-15 05:00:00+00:00,0,0,0,0,0,0,0
2026-06-15 06:00:00+00:00,0,0,0,0,0,0,0
2026-06-15 07:00:00+00:00,0,0,0,0,0,0,0
2026-06-15 08:00:00+00:00,0,0,0,0,0,0,0
2026-06-15 09:00:00+00:00,0,0,0,0,0,0,0
2026-06-15 10:00:00+00:00,0,0,0,0,0,0,0
2026-06-15 11:00:00+00:00,0,0,0,0,0,0,0
2026-06-15 12:00:00+00:00,0,0,0,0,0,0,1
2026-06-15 13:00:00+00:00,0,0,0,0,0,0,0
2026-06-15 14:00:00+00:00,0,0,0,0,0,0,0
2026-06-15 15:00:00+00:00,0,0,0,0,0,0,0
2026-06-15 16:00:00+00:00,0,0,0,0,0,0,0
2026-06-15 17:00:00+00:00,0,0,0,0,0,0,0
2026-06-15 18:00:00+00:00,0,0,0,0,0,0,0
2026-06-15 19:00:00+00:00,0,0,0,0,0,0,0
2026-06-15 20:00:00+00:00,0,0,0,0,0,0,0
2026-06-15 21:00:00+00:00,0,0,0,0,0,0,0
2026-06-15 22:00:00+00:00,0,0,0,0,0,0,0
2026-06-15 23:00:00+00:00,0,0,0,0,0,0,0
2026-06-16 00:00:00+00:00,0,0,0,0,0,0,0
2026-06-16 01:00:00+00:00,0,0,0,0,0,0,0
2026-06-16 02:00:00+00:00,0,0,0,0,0,0,0
2026-06-16 03:00:00+00:00,0,0,0,0,0,0,0
2026-06-16 04:00:00+00:00,0,0,0,0,0,0,0
2026-06-16 05:00:00+00:00,0,0,0,0,0,0,0
2026-06-16 06:00:00+00:00,0,0,0,0,0,0,0
2026-06-16 07:00:00+00:00,31,19,25,23,15432,0,0
2026-06-16 08:00:00+00:00,50,21,35,35,41303,0,0
2026-06-16 09:00:00+00:00,101,36,51,57,138477,0,0
2026-06-16 10:00:00+00:00,141,26,28,70,400026,0,2
2026-06-16 11:00:00+00:00,72,19,15,50,187468,0,0
2026-06-16 12:00:00+00:00,36,10,18,24,54575,0,0
2026-06-16 13:00:00+00:00,8,3,7,7,11722,0,0
2026-06-16 14:00:00+00:00,4,4,3,4,3247,0,0
2026-06-16 15:00:00+00:00,1,1,1,1,4728,0,0
2026-06-16 16:00:00+00:00,0,0,0,0,0,0,0
2026-06-16 17:00:00+00:00,1,1,1,1,987,0,0
2026-06-16 18:00:00+00:00,292,143,202,92,311298,0,0
2026-06-16 19:00:00+00:00,749,340,254,118,1705608,0,0
2026-06-16 20:00:00+00:00,390,213,177,98,709450,0,0
2026-06-16 21:00:00+00:00,393,171,156,101,644178,0,0
2026-06-16 22:00:00+00:00,238,109,93,91,435598,0,0
2026-06-16 23:00:00+00:00,96,44,33,56,201728,0,0
2026-06-17 00:00:00+00:00,107,63,56,53,152881,0,0
2026-06-17 01:00:00+00:00,176,104,69,73,417570,0,0
2026-06-17 02:00:00+00:00,190,98,85,78,350798,0,0
2026-06-17 03:00:00+00:00,119,67,67,57,128158,0,0
2026-06-17 04:00:00+00:00,37,26,27,32,34784,0,0
2026-06-17 05:00:00+00:00,34,26,24,27,33836,0,0
2026-06-17 06:00:00+00:00,72,44,41,39,80770,0,0
2026-06-17 07:00:00+00:00,78,52,54,49,87716,0,0
2026-06-17 08:00:00+00:00,44,31,23,29,86687,0,0
2026-06-17 09:00:00+00:00,51,25,25,36,114266,0,0
2026-06-17 10:00:00+00:00,28,11,16,22,48678,0,0
2026-06-17 11:00:00+00:00,26,13,17,21,34075,0,0
2026-06-17 12:00:00+00:00,29,13,17,26,35543,0,0
2026-06-17 13:00:00+00:00,17,11,9,16,34694,0,0
2026-06-17 14:00:00+00:00,3,3,3,3,6731,0,0
2026-06-17 15:00:00+00:00,23,19,19,21,22939,0,0
2026-06-17 16:00:00+00:00,86,61,51,53,67494,0,0
2026-06-17 17:00:00+00:00,52,35,30,35,68845,0,0
2026-06-17 18:00:00+00:00,31,25,21,23,63480,0,0
2026-06-17 19:00:00+00:00,27,21,15,20,56809,0,0
2026-06-17 20:00:00+00:00,19,14,16,18,14333,0,0
2026-06-17 21:00:00+00:00,23,11,12,19,32863,0,0
2026-06-17 22:00:00+00:00,16,10,8,14,28819,0,0
2026-06-17 23:00:00+00:00,9,7,6,8,7605,0,0
2026-06-18 00:00:00+00:00,14,7,9,11,39657,0,0
2026-06-18 01:00:00+00:00,9,7,5,9,18444,0,0
2026-06-18 02:00:00+00:00,2,2,2,2,7199,0,0
2026-06-18 03:00:00+00:00,3,2,2,3,6147,0,0
2026-06-18 04:00:00+00:00,8,4,5,7,22069,0,0
2026-06-18 05:00:00+00:00,7,2,5,5,2658,0,0
2026-06-18 06:00:00+00:00,8,6,5,7,16498,0,0
2026-06-18 07:00:00+00:00,4,4,3,4,14176,0,0
2026-06-18 08:00:00+00:00,2,2,2,2,639,0,0
2026-06-18 09:00:00+00:00,3,3,3,3,4697,0,0
2026-06-18 10:00:00+00:00,4,4,3,4,3680,0,0
2026-06-18 11:00:00+00:00,4,4,4,4,10160,0,0
2026-06-18 12:00:00+00:00,2,2,2,2,660,0,0
2026-06-18 13:00:00+00:00,3,3,3,3,2647,0,0
2026-06-18 14:00:00+00:00,50,8,33,35,78980,0,0
2026-06-18 15:00:00+00:00,146,46,98,58,103216,0,0
2026-06-18 16:00:00+00:00,216,72,105,71,330754,0,0
2026-06-18 17:00:00+00:00,427,137,201,98,658957,0,11
2026-06-18 18:00:00+00:00,913,300,382,125,1587590,25,7
2026-06-18 19:00:00+00:00,1263,301,405,123,2702685,0,9
2026-06-18 20:00:00+00:00,2350,320,730,139,5665153,0,4
2026-06-18 21:00:00+00:00,1052,150,143,127,3047918,0,0
2026-06-18 22:00:00+00:00,17,9,9,13,48649,0,0
2026-06-18 23:00:00+00:00,36,22,17,27,75379,0,17
2026-06-19 00:00:00+00:00,47,26,21,34,125960,0,0
2026-06-19 01:00:00+00:00,28,22,16,25,72812,0,0
2026-06-19 02:00:00+00:00,7,5,2,6,28966,0,0
2026-06-19 03:00:00+00:00,34,20,17,24,65357,0,0
2026-06-19 04:00:00+00:00,7,6,5,7,13808,0,0
2026-06-19 05:00:00+00:00,12,9,8,12,35255,0,0
2026-06-19 06:00:00+00:00,5,3,5,5,14562,0,0
2026-06-19 07:00:00+00:00,9,6,5,8,37210,0,0
2026-06-19 08:00:00+00:00,10,8,7,8,36899,0,0
2026-06-19 09:00:00+00:00,15,11,9,12,71635,0,0
2026-06-19 10:00:00+00:00,14,8,8,12,86339,0,0
2026-06-19 11:00:00+00:00,14,11,13,13,39066,0,0
2026-06-19 12:00:00+00:00,53,33,29,36,148542,0,0
2026-06-19 13:00:00+00:00,46,18,21,37,95691,59,0
2026-06-19 14:00:00+00:00,34,11,10,26,96960,24,0
2026-06-19 15:00:00+00:00,16,14,11,14,13783,41,0
2026-06-19 16:00:00+00:00,9,7,7,9,6556,38,0
2026-06-19 17:00:00+00:00,4,3,4,4,6320,0,0
2026-06-19 18:00:00+00:00,14,6,7,13,6958,0,0
2026-06-19 19:00:00+00:00,23,13,16,18,52526,0,0
2026-06-19 20:00:00+00:00,48,21,28,34,118879,0,0
2026-06-19 21:00:00+00:00,22,14,14,18,40429,0,0
2026-06-19 22:00:00+00:00,14,9,11,14,26235,8,0
2026-06-19 23:00:00+00:00,24,18,12,22,17214,147,0
2026-06-20 00:00:00+00:00,45,29,23,36,30635,75,0
2026-06-20 01:00:00+00:00,98,50,42,54,158431,0,0
2026-06-20 02:00:00+00:00,83,55,42,51,138173,0,0
2026-06-20 03:00:00+00:00,59,44,32,34,102978,0,0
2026-06-20 04:00:00+00:00,16,16,11,14,22482,0,0
2026-06-20 05:00:00+00:00,63,34,29,41,138373,0,0
2026-06-20 06:00:00+00:00,60,42,40,44,102569,0,0
2026-06-20 07:00:00+00:00,0,0,0,0,0,0,0
2026-06-20 08:00:00+00:00,18,12,13,15,23932,0,0
2026-06-20 09:00:00+00:00,37,28,28,29,50496,1,0
2026-06-20 10:00:00+00:00,34,25,21,27,64970,0,0
2026-06-20 11:00:00+00:00,29,15,18,24,55584,0,0
2026-06-20 12:00:00+00:00,19,14,11,15,59369,0,0
2026-06-20 13:00:00+00:00,18,10,9,12,60552,0,0
2026-06-20 14:00:00+00:00,10,6,4,10,12979,0,0
2026-06-20 15:00:00+00:00,2,1,2,2,54,0,0
2026-06-20 16:00:00+00:00,4,4,4,4,3344,0,0
2026-06-20 17:00:00+00:00,15,12,9,13,11475,0,0
2026-06-20 18:00:00+00:00,12,5,10,11,5614,0,0
2026-06-20 19:00:00+00:00,9,4,5,8,5831,2,0
2026-06-20 20:00:00+00:00,7,4,5,5,5630,0,0
2026-06-20 21:00:00+00:00,15,11,10,13,7745,0,0
2026-06-20 22:00:00+00:00,2,2,2,2,3609,0,0
2026-06-20 23:00:00+00:00,2,2,1,2,7254,0,2
2026-06-21 00:00:00+00:00,0,0,0,0,0,0,0
2026-06-21 01:00:00+00:00,11,8,9,11,3521,0,0
2026-06-21 02:00:00+00:00,23,11,10,17,36835,0,0
2026-06-21 03:00:00+00:00,41,28,17,32,91088,0,0
2026-06-21 04:00:00+00:00,0,0,0,0,0,0,0
2026-06-21 05:00:00+00:00,11,10,6,10,37357,0,0
2026-06-21 06:00:00+00:00,33,21,11,25,103148,0,0
2026-06-21 07:00:00+00:00,32,19,13,27,83364,0,0
2026-06-21 08:00:00+00:00,59,34,27,39,136945,0,0
2026-06-21 09:00:00+00:00,39,22,17,27,127331,0,0
2026-06-21 10:00:00+00:00,45,29,25,33,140847,0,0
2026-06-21 11:00:00+00:00,27,16,13,24,63572,6,0
2026-06-21 12:00:00+00:00,24,11,11,18,70840,2,0
2026-06-21 13:00:00+00:00,35,19,14,24,82522,0,0
2026-06-21 14:00:00+00:00,19,16,12,17,28742,0,0
2026-06-21 15:00:00+00:00,12,10,6,11,22563,0,0
2026-06-21 16:00:00+00:00,12,10,12,12,31195,0,0
2026-06-21 17:00:00+00:00,29,21,16,21,62881,0,0
2026-06-21 18:00:00+00:00,36,21,20,30,79968,0,0
2026-06-21 19:00:00+00:00,46,25,18,31,93505,0,0
2026-06-21 20:00:00+00:00,41,27,24,29,78626,0,0
2026-06-21 21:00:00+00:00,33,19,14,29,99390,3,0
2026-06-21 22:00:00+00:00,21,17,9,19,68511,0,0
2026-06-21 23:00:00+00:00,30,25,21,21,44087,0,0
2026-06-22 00:00:00+00:00,48,35,38,32,41095,0,0
2026-06-22 01:00:00+00:00,3,3,3,3,7483,0,0
2026-06-22 02:00:00+00:00,411,199,270,97,398315,0,0
2026-06-22 03:00:00+00:00,73,33,44,44,88396,0,0
2026-06-22 04:00:00+00:00,0,0,0,0,0,0,0
2026-06-22 05:00:00+00:00,0,0,0,0,0,0,0
2026-06-22 06:00:00+00:00,42,28,17,28,44870,0,0
2026-06-22 07:00:00+00:00,7,4,6,7,10487,0,0
2026-06-22 08:00:00+00:00,463,182,301,93,479111,0,0
2026-06-22 09:00:00+00:00,23,10,23,20,21289,0,0
2026-06-22 10:00:00+00:00,0,0,0,0,0,0,0
2026-06-22 11:00:00+00:00,0,0,0,0,0,0,0
2026-06-22 12:00:00+00:00,0,0,0,0,0,0,0
2026-06-22 13:00:00+00:00,0,0,0,0,0,0,0
2026-06-22 14:00:00+00:00,0,0,0,0,0,0,0
2026-06-22 15:00:00+00:00,0,0,0,0,0,0,0
2026-06-22 16:00:00+00:00,0,0,0,0,0,0,0
2026-06-22 17:00:00+00:00,0,0,0,0,0,0,0
2026-06-22 18:00:00+00:00,0,0,0,0,0,0,0
2026-06-22 19:00:00+00:00,1,1,1,1,4276,11,0
2026-06-22 20:00:00+00:00,0,0,0,0,0,0,0
2026-06-22 21:00:00+00:00,0,0,0,0,0,0,0
2026-06-22 22:00:00+00:00,0,0,0,0,0,0,0
2026-06-22 23:00:00+00:00,0,0,0,0,0,0,0
2026-06-23 00:00:00+00:00,0,0,0,0,0,0,0
2026-06-23 01:00:00+00:00,0,0,0,0,0,0,0
2026-06-23 02:00:00+00:00,0,0,0,0,0,0,0
2026-06-23 03:00:00+00:00,0,0,0,0,0,0,0
2026-06-23 04:00:00+00:00,0,0,0,0,0,0,0
2026-06-23 05:00:00+00:00,0,0,0,0,0,0,0
2026-06-23 06:00:00+00:00,0,0,0,0,0,0,0
2026-06-23 07:00:00+00:00,0,0,0,0,0,0,0
2026-06-23 08:00:00+00:00,0,0,0,0,0,0,0
2026-06-23 09:00:00+00:00,0,0,0,0,0,0,0
2026-06-23 10:00:00+00:00,0,0,0,0,0,0,0
2026-06-23 11:00:00+00:00,0,0,0,0,0,15,0
2026-06-23 12:00:00+00:00,0,0,0,0,0,53,0
2026-06-23 13:00:00+00:00,0,0,0,0,0,0,0
2026-06-23 14:00:00+00:00,0,0,0,0,0,0,0
2026-06-23 15:00:00+00:00,0,0,0,0,0,0,0
2026-06-23 16:00:00+00:00,0,0,0,0,0,32,0
2026-06-23 17:00:00+00:00,1,1,1,1,0,47,0
2026-06-23 18:00:00+00:00,0,0,0,0,0,56,0
2026-06-23 19:00:00+00:00,0,0,0,0,0,96,0
2026-06-23 20:00:00+00:00,0,0,0,0,0,174,0
2026-06-23 21:00:00+00:00,0,0,0,0,0,0,0
2026-06-23 22:00:00+00:00,0,0,0,0,0,40,0
2026-06-23 23:00:00+00:00,0,0,0,0,0,89,0
2026-06-24 00:00:00+00:00,0,0,0,0,0,0,0
2026-06-24 01:00:00+00:00,0,0,0,0,0,0,0
2026-06-24 02:00:00+00:00,0,0,0,0,0,0,0
2026-06-24 03:00:00+00:00,0,0,0,0,0,0,0
2026-06-24 04:00:00+00:00,0,0,0,0,0,0,0
2026-06-24 05:00:00+00:00,0,0,0,0,0,0,0
2026-06-24 06:00:00+00:00,0,0,0,0,0,0,0
2026-06-24 07:00:00+00:00,0,0,0,0,0,0,0
2026-06-24 08:00:00+00:00,0,0,0,0,0,0,0
2026-06-24 09:00:00+00:00,0,0,0,0,0,0,0
2026-06-24 10:00:00+00:00,0,0,0,0,0,38,0
2026-06-24 11:00:00+00:00,0,0,0,0,0,80,0
2026-06-24 12:00:00+00:00,0,0,0,0,0,30,0
2026-06-24 13:00:00+00:00,1,1,1,1,187,10,0
2026-06-24 14:00:00+00:00,0,0,0,0,0,9,0
2026-06-24 15:00:00+00:00,0,0,0,0,0,0,0
2026-06-24 16:00:00+00:00,0,0,0,0,0,0,0
2026-06-24 17:00:00+00:00,0,0,0,0,0,6,0
2026-06-24 18:00:00+00:00,0,0,0,0,0,26,0
2026-06-24 19:00:00+00:00,0,0,0,0,0,68,0
2026-06-24 20:00:00+00:00,0,0,0,0,0,0,0
2026-06-24 21:00:00+00:00,0,0,0,0,0,0,0
2026-06-24 22:00:00+00:00,0,0,0,0,0,0,0
2026-06-24 23:00:00+00:00,0,0,0,0,0,0,0
2026-06-25 00:00:00+00:00,0,0,0,0,0,0,0
2026-06-25 01:00:00+00:00,0,0,0,0,0,0,0
2026-06-25 02:00:00+00:00,0,0,0,0,0,0,0
2026-06-25 03:00:00+00:00,0,0,0,0,0,0,0
2026-06-25 04:00:00+00:00,0,0,0,0,0,0,0
2026-06-25 05:00:00+00:00,0,0,0,0,0,0,0
2026-06-25 06:00:00+00:00,0,0,0,0,0,0,0
2026-06-25 07:00:00+00:00,0,0,0,0,0,0,1
2026-06-25 08:00:00+00:00,0,0,0,0,0,0,0
2026-06-25 09:00:00+00:00,0,0,0,0,0,0,0
2026-06-25 10:00:00+00:00,0,0,0,0,0,0,0
2026-06-25 11:00:00+00:00,0,0,0,0,0,0,0
2026-06-25 12:00:00+00:00,0,0,0,0,0,0,0
2026-06-25 13:00:00+00:00,0,0,0,0,0,0,0
2026-06-25 14:00:00+00:00,0,0,0,0,0,0,0
2026-06-25 15:00:00+00:00,0,0,0,0,0,0,0
2026-06-25 16:00:00+00:00,0,0,0,0,0,0,0
2026-06-25 17:00:00+00:00,0,0,0,0,0,25,0
2026-06-25 18:00:00+00:00,0,0,0,0,0,58,0
2026-06-25 19:00:00+00:00,0,0,0,0,0,96,0
2026-06-25 20:00:00+00:00,0,0,0,0,0,0,0
2026-06-25 21:00:00+00:00,0,0,0,0,0,0,0
2026-06-25 22:00:00+00:00,0,0,0,0,0,0,0
2026-06-25 23:00:00+00:00,0,0,0,0,0,0,0
2026-06-26 00:00:00+00:00,0,0,0,0,0,0,0
2026-06-26 01:00:00+00:00,0,0,0,0,0,0,0
2026-06-26 02:00:00+00:00,0,0,0,0,0,0,0
2026-06-26 03:00:00+00:00,0,0,0,0,0,0,0
2026-06-26 04:00:00+00:00,0,0,0,0,0,0,0
2026-06-26 05:00:00+00:00,0,0,0,0,0,0,0
2026-06-26 06:00:00+00:00,0,0,0,0,0,0,0
2026-06-26 07:00:00+00:00,0,0,0,0,0,0,0
2026-06-26 08:00:00+00:00,0,0,0,0,0,0,0
2026-06-26 09:00:00+00:00,0,0,0,0,0,0,0
2026-06-26 10:00:00+00:00,0,0,0,0,0,0,0
2026-06-26 11:00:00+00:00,0,0,0,0,0,0,0
2026-06-26 12:00:00+00:00,0,0,0,0,0,0,0
2026-06-26 13:00:00+00:00,0,0,0,0,0,74,0
2026-06-26 14:00:00+00:00,0,0,0,0,0,11,0
2026-06-26 15:00:00+00:00,0,0,0,0,0,30,0
2026-06-26 16:00:00+00:00,0,0,0,0,0,104,0
2026-06-26 17:00:00+00:00,0,0,0,0,0,51,0
2026-06-26 18:00:00+00:00,0,0,0,0,0,31,0
2026-06-26 19:00:00+00:00,0,0,0,0,0,30,0
2026-06-26 20:00:00+00:00,0,0,0,0,0,30,0
2026-06-26 21:00:00+00:00,0,0,0,0,0,0,0
2026-06-26 22:00:00+00:00,0,0,0,0,0,0,0
2026-06-26 23:00:00+00:00,0,0,0,0,0,21,0
2026-06-27 00:00:00+00:00,0,0,0,0,0,0,0
2026-06-27 01:00:00+00:00,0,0,0,0,0,0,0
2026-06-27 02:00:00+00:00,0,0,0,0,0,0,0
2026-06-27 03:00:00+00:00,0,0,0,0,0,0,0
2026-06-27 04:00:00+00:00,0,0,0,0,0,0,0
2026-06-27 05:00:00+00:00,0,0,0,0,0,0,0
2026-06-27 06:00:00+00:00,0,0,0,0,0,0,0
2026-06-27 07:00:00+00:00,0,0,0,0,0,0,0
2026-06-27 08:00:00+00:00,0,0,0,0,0,0,0
2026-06-27 09:00:00+00:00,0,0,0,0,0,0,0
2026-06-27 10:00:00+00:00,0,0,0,0,0,0,0
2026-06-27 11:00:00+00:00,0,0,0,0,0,0,0
2026-06-27 12:00:00+00:00,0,0,0,0,0,0,0
2026-06-27 13:00:00+00:00,0,0,0,0,0,0,0
2026-06-27 14:00:00+00:00,0,0,0,0,0,0,0
2026-06-27 15:00:00+00:00,0,0,0,0,0,0,0
2026-06-27 16:00:00+00:00,0,0,0,0,0,0,0
2026-06-27 17:00:00+00:00,0,0,0,0,0,0,0
2026-06-27 18:00:00+00:00,0,0,0,0,0,0,0
2026-06-27 19:00:00+00:00,0,0,0,0,0,0,0
2026-06-27 20:00:00+00:00,0,0,0,0,0,0,0
2026-06-27 21:00:00+00:00,0,0,0,0,0,0,0
2026-06-27 22:00:00+00:00,0,0,0,0,0,0,0
2026-06-27 23:00:00+00:00,0,0,0,0,0,0,0
2026-06-28 00:00:00+00:00,0,0,0,0,0,0,0
2026-06-28 01:00:00+00:00,0,0,0,0,0,0,0
2026-06-28 02:00:00+00:00,0,0,0,0,0,0,0
2026-06-28 03:00:00+00:00,0,0,0,0,0,0,0
2026-06-28 04:00:00+00:00,0,0,0,0,0,0,0
2026-06-28 05:00:00+00:00,0,0,0,0,0,0,0
2026-06-28 06:00:00+00:00,0,0,0,0,0,0,0
2026-06-28 07:00:00+00:00,0,0,0,0,0,0,0
2026-06-28 08:00:00+00:00,0,0,0,0,0,0,0
2026-06-28 09:00:00+00:00,0,0,0,0,0,0,0
2026-06-28 10:00:00+00:00,0,0,0,0,0,0,0
2026-06-28 11:00:00+00:00,0,0,0,0,0,0,0
2026-06-28 12:00:00+00:00,0,0,0,0,0,0,0
2026-06-28 13:00:00+00:00,0,0,0,0,0,0,0
2026-06-28 14:00:00+00:00,0,0,0,0,0,0,0
2026-06-28 15:00:00+00:00,0,0,0,0,0,7,0
2026-06-28 16:00:00+00:00,0,0,0,0,0,12,0
2026-06-28 17:00:00+00:00,0,0,0,0,0,0,0
2026-06-28 18:00:00+00:00,0,0,0,0,0,0,0
2026-06-28 19:00:00+00:00,0,0,0,0,0,44,0
2026-06-28 20:00:00+00:00,0,0,0,0,0,21,0
2026-06-28 21:00:00+00:00,0,0,0,0,0,62,0
2026-06-28 22:00:00+00:00,0,0,0,0,0,0,0
2026-06-28 23:00:00+00:00,0,0,0,0,0,0,0
2026-06-29 00:00:00+00:00,0,0,0,0,0,0,0
2026-06-29 01:00:00+00:00,0,0,0,0,0,0,0
2026-06-29 02:00:00+00:00,0,0,0,0,0,0,0
2026-06-29 03:00:00+00:00,0,0,0,0,0,0,0
2026-06-29 04:00:00+00:00,0,0,0,0,0,0,0
2026-06-29 05:00:00+00:00,0,0,0,0,0,0,0
2026-06-29 06:00:00+00:00,0,0,0,0,0,0,0
2026-06-29 07:00:00+00:00,0,0,0,0,0,0,0
2026-06-29 08:00:00+00:00,0,0,0,0,0,0,0
2026-06-29 09:00:00+00:00,0,0,0,0,0,0,0
2026-06-29 10:00:00+00:00,0,0,0,0,0,0,0
2026-06-29 11:00:00+00:00,0,0,0,0,0,0,0
2026-06-29 12:00:00+00:00,0,0,0,0,0,0,0
2026-06-29 13:00:00+00:00,0,0,0,0,0,0,0
2026-06-29 14:00:00+00:00,0,0,0,0,0,0,0
2026-06-29 15:00:00+00:00,0,0,0,0,0,0,0
2026-06-29 16:00:00+00:00,0,0,0,0,0,0,2
2026-06-29 17:00:00+00:00,0,0,0,0,0,0,0
2026-06-29 18:00:00+00:00,0,0,0,0,0,0,0
2026-06-29 19:00:00+00:00,0,0,0,0,0,84,0
2026-06-29 20:00:00+00:00,0,0,0,0,0,4,0
2026-06-29 21:00:00+00:00,0,0,0,0,0,0,0
2026-06-29 22:00:00+00:00,0,0,0,0,0,0,0
2026-06-29 23:00:00+00:00,0,0,0,0,0,0,0
2026-06-30 00:00:00+00:00,0,0,0,0,0,0,0
2026-06-30 01:00:00+00:00,0,0,0,0,0,0,0
2026-06-30 02:00:00+00:00,0,0,0,0,0,0,0
2026-06-30 03:00:00+00:00,0,0,0,0,0,0,0
2026-06-30 04:00:00+00:00,0,0,0,0,0,0,0
2026-06-30 05:00:00+00:00,0,0,0,0,0,0,0
2026-06-30 06:00:00+00:00,0,0,0,0,0,0,0
2026-06-30 07:00:00+00:00,0,0,0,0,0,0,0
2026-06-30 08:00:00+00:00,0,0,0,0,0,0,0
2026-06-30 09:00:00+00:00,0,0,0,0,0,0,0
2026-06-30 10:00:00+00:00,0,0,0,0,0,0,0
2026-06-30 11:00:00+00:00,0,0,0,0,0,8,0
2026-06-30 12:00:00+00:00,0,0,0,0,0,37,1
2026-06-30 13:00:00+00:00,0,0,0,0,0,54,0
2026-06-30 14:00:00+00:00,0,0,0,0,0,52,0
2026-06-30 15:00:00+00:00,0,0,0,0,0,0,0
2026-06-30 16:00:00+00:00,0,0,0,0,0,17,0
2026-06-30 17:00:00+00:00,0,0,0,0,0,26,0
2026-06-30 18:00:00+00:00,0,0,0,0,0,1,0
2026-06-30 19:00:00+00:00,0,0,0,0,0,69,0
2026-06-30 20:00:00+00:00,0,0,0,0,0,132,0
2026-06-30 21:00:00+00:00,0,0,0,0,0,44,0
2026-06-30 22:00:00+00:00,0,0,0,0,0,0,0
2026-06-30 23:00:00+00:00,0,0,0,0,0,0,0
2026-07-01 00:00:00+00:00,2,2,2,2,881,0,0
2026-07-01 01:00:00+00:00,0,0,0,0,0,0,0
2026-07-01 02:00:00+00:00,0,0,0,0,0,0,0
2026-07-01 03:00:00+00:00,0,0,0,0,0,0,0
2026-07-01 04:00:00+00:00,0,0,0,0,0,0,0
2026-07-01 05:00:00+00:00,0,0,0,0,0,0,0
2026-07-01 06:00:00+00:00,0,0,0,0,0,0,0
2026-07-01 07:00:00+00:00,0,0,0,0,0,0,0
2026-07-01 08:00:00+00:00,0,0,0,0,0,0,0
2026-07-01 09:00:00+00:00,0,0,0,0,0,0,0
2026-07-01 10:00:00+00:00,5,2,4,4,616,0,0
2026-07-01 11:00:00+00:00,0,0,0,0,0,0,0
2026-07-01 12:00:00+00:00,0,0,0,0,0,0,0
2026-07-01 13:00:00+00:00,0,0,0,0,0,15,0
2026-07-01 14:00:00+00:00,0,0,0,0,0,0,0
2026-07-01 15:00:00+00:00,0,0,0,0,0,78,0
2026-07-01 16:00:00+00:00,0,0,0,0,0,13,0
2026-07-01 17:00:00+00:00,0,0,0,0,0,0,0
2026-07-01 18:00:00+00:00,0,0,0,0,0,0,0
2026-07-01 19:00:00+00:00,0,0,0,0,0,119,0
2026-07-01 20:00:00+00:00,0,0,0,0,0,0,0
2026-07-01 21:00:00+00:00,0,0,0,0,0,23,0
2026-07-01 22:00:00+00:00,0,0,0,0,0,0,0
2026-07-01 23:00:00+00:00,0,0,0,0,0,0,0
2026-07-02 00:00:00+00:00,0,0,0,0,0,0,0
2026-07-02 01:00:00+00:00,0,0,0,0,0,0,0
2026-07-02 02:00:00+00:00,0,0,0,0,0,0,0
2026-07-02 03:00:00+00:00,0,0,0,0,0,0,0
2026-07-02 04:00:00+00:00,0,0,0,0,0,0,0
2026-07-02 05:00:00+00:00,0,0,0,0,0,0,0
2026-07-02 06:00:00+00:00,0,0,0,0,0,0,0
2026-07-02 07:00:00+00:00,0,0,0,0,0,0,0
2026-07-02 08:00:00+00:00,0,0,0,0,0,0,0
2026-07-02 09:00:00+00:00,0,0,0,0,0,0,0
2026-07-02 10:00:00+00:00,0,0,0,0,0,0,0
2026-07-02 11:00:00+00:00,0,0,0,0,0,0,0
2026-07-02 12:00:00+00:00,0,0,0,0,0,0,0
2026-07-02 13:00:00+00:00,0,0,0,0,0,0,0
2026-07-02 14:00:00+00:00,0,0,0,0,0,0,0
2026-07-02 15:00:00+00:00,2,2,2,2,765,0,0
2026-07-02 16:00:00+00:00,8,4,5,6,3101,0,0
2026-07-02 17:00:00+00:00,4,3,3,2,448,0,0
2026-07-02 18:00:00+00:00,0,0,0,0,0,0,0
2026-07-02 19:00:00+00:00,0,0,0,0,0,22,0
2026-07-02 20:00:00+00:00,0,0,0,0,0,0,0
2026-07-02 21:00:00+00:00,0,0,0,0,0,54,0
2026-07-02 22:00:00+00:00,0,0,0,0,0,12,0
2026-07-02 23:00:00+00:00,0,0,0,0,0,0,0
2026-07-03 00:00:00+00:00,0,0,0,0,0,0,0
2026-07-03 01:00:00+00:00,0,0,0,0,0,0,0
2026-07-03 02:00:00+00:00,0,0,0,0,0,0,0
2026-07-03 03:00:00+00:00,0,0,0,0,0,0,0
2026-07-03 04:00:00+00:00,0,0,0,0,0,0,0
2026-07-03 05:00:00+00:00,0,0,0,0,0,0,0
2026-07-03 06:00:00+00:00,0,0,0,0,0,0,0
2026-07-03 07:00:00+00:00,0,0,0,0,0,0,0
2026-07-03 08:00:00+00:00,0,0,0,0,0,0,0
2026-07-03 09:00:00+00:00,0,0,0,0,0,0,0
2026-07-03 10:00:00+00:00,0,0,0,0,0,0,0
2026-07-03 11:00:00+00:00,0,0,0,0,0,0,0
2026-07-03 12:00:00+00:00,0,0,0,0,0,0,0
2026-07-03 13:00:00+00:00,0,0,0,0,0,0,0
2026-07-03 14:00:00+00:00,0,0,0,0,0,0,0
2026-07-03 15:00:00+00:00,0,0,0,0,0,22,0
2026-07-03 16:00:00+00:00,0,0,0,0,0,0,0
2026-07-03 17:00:00+00:00,0,0,0,0,0,0,0
2026-07-03 18:00:00+00:00,0,0,0,0,0,0,0
2026-07-03 19:00:00+00:00,0,0,0,0,0,0,0
2026-07-03 20:00:00+00:00,0,0,0,0,0,0,0
2026-07-03 21:00:00+00:00,0,0,0,0,0,0,0
2026-07-03 22:00:00+00:00,0,0,0,0,0,0,0
2026-07-03 23:00:00+00:00,0,0,0,0,0,49,0
2026-07-04 00:00:00+00:00,0,0,0,0,0,0,0
2026-07-04 01:00:00+00:00,0,0,0,0,0,0,0
2026-07-04 02:00:00+00:00,0,0,0,0,0,0,0
2026-07-04 03:00:00+00:00,0,0,0,0,0,0,0
2026-07-04 04:00:00+00:00,0,0,0,0,0,0,0
2026-07-04 05:00:00+00:00,0,0,0,0,0,0,0
2026-07-04 06:00:00+00:00,0,0,0,0,0,0,0
2026-07-04 07:00:00+00:00,0,0,0,0,0,0,0
2026-07-04 08:00:00+00:00,0,0,0,0,0,1,0
2026-07-04 09:00:00+00:00,0,0,0,0,0,0,0
2026-07-04 10:00:00+00:00,0,0,0,0,0,0,0
2026-07-04 11:00:00+00:00,0,0,0,0,0,0,0
2026-07-04 12:00:00+00:00,0,0,0,0,0,0,0
2026-07-04 13:00:00+00:00,0,0,0,0,0,0,0
2026-07-04 14:00:00+00:00,0,0,0,0,0,0,0
2026-07-04 15:00:00+00:00,0,0,0,0,0,0,0
2026-07-04 16:00:00+00:00,0,0,0,0,0,0,0
2026-07-04 17:00:00+00:00,0,0,0,0,0,0,0
2026-07-04 18:00:00+00:00,0,0,0,0,0,39,0
2026-07-04 19:00:00+00:00,0,0,0,0,0,0,0
2026-07-04 20:00:00+00:00,0,0,0,0,0,0,0
2026-07-04 21:00:00+00:00,0,0,0,0,0,19,0
2026-07-04 22:00:00+00:00,0,0,0,0,0,0,0
2026-07-04 23:00:00+00:00,0,0,0,0,0,0,0
2026-07-05 00:00:00+00:00,0,0,0,0,0,0,0
2026-07-05 01:00:00+00:00,0,0,0,0,0,0,0
2026-07-05 02:00:00+00:00,0,0,0,0,0,0,0
2026-07-05 03:00:00+00:00,0,0,0,0,0,0,0
2026-07-05 04:00:00+00:00,0,0,0,0,0,0,0
2026-07-05 05:00:00+00:00,0,0,0,0,0,0,0
2026-07-05 06:00:00+00:00,0,0,0,0,0,0,0
2026-07-05 07:00:00+00:00,0,0,0,0,0,0,0
2026-07-05 08:00:00+00:00,0,0,0,0,0,0,0
2026-07-05 09:00:00+00:00,0,0,0,0,0,0,0
2026-07-05 10:00:00+00:00,0,0,0,0,0,13,0
2026-07-05 11:00:00+00:00,0,0,0,0,0,0,0
2026-07-05 12:00:00+00:00,0,0,0,0,0,57,0
2026-07-05 13:00:00+00:00,0,0,0,0,0,0,0
2026-07-05 14:00:00+00:00,0,0,0,0,0,0,0
2026-07-05 15:00:00+00:00,0,0,0,0,0,0,0
2026-07-05 16:00:00+00:00,0,0,0,0,0,0,0
2026-07-05 17:00:00+00:00,0,0,0,0,0,0,0
2026-07-05 18:00:00+00:00,0,0,0,0,0,0,0
2026-07-05 19:00:00+00:00,0,0,0,0,0,50,0
2026-07-05 20:00:00+00:00,0,0,0,0,0,119,0
2026-07-05 21:00:00+00:00,0,0,0,0,0,0,0
2026-07-05 22:00:00+00:00,0,0,0,0,0,0,0
2026-07-05 23:00:00+00:00,0,0,0,0,0,0,0
2026-07-06 00:00:00+00:00,0,0,0,0,0,0,0
2026-07-06 01:00:00+00:00,0,0,0,0,0,0,0
2026-07-06 02:00:00+00:00,0,0,0,0,0,0,0
2026-07-06 03:00:00+00:00,0,0,0,0,0,0,0
2026-07-06 04:00:00+00:00,0,0,0,0,0,0,0
2026-07-06 05:00:00+00:00,0,0,0,0,0,0,0
2026-07-06 06:00:00+00:00,0,0,0,0,0,0,0
2026-07-06 07:00:00+00:00,0,0,0,0,0,0,0
2026-07-06 08:00:00+00:00,0,0,0,0,0,0,0
2026-07-06 09:00:00+00:00,0,0,0,0,0,0,0
2026-07-06 10:00:00+00:00,0,0,0,0,0,0,0
2026-07-06 11:00:00+00:00,0,0,0,0,0,0,0
2026-07-06 12:00:00+00:00,0,0,0,0,0,0,0
2026-07-06 13:00:00+00:00,0,0,0,0,0,0,0
2026-07-06 14:00:00+00:00,0,0,0,0,0,0,0
2026-07-06 15:00:00+00:00,0,0,0,0,0,0,0
2026-07-06 16:00:00+00:00,0,0,0,0,0,0,0
2026-07-06 17:00:00+00:00,0,0,0,0,0,15,0
2026-07-06 18:00:00+00:00,0,0,0,0,0,59,0
2026-07-06 19:00:00+00:00,0,0,0,0,0,0,0
2026-07-06 20:00:00+00:00,0,0,0,0,0,5,0
2026-07-06 21:00:00+00:00,0,0,0,0,0,0,0
2026-07-06 22:00:00+00:00,0,0,0,0,0,0,0
2026-07-06 23:00:00+00:00,0,0,0,0,0,0,0
2026-07-07 00:00:00+00:00,0,0,0,0,0,0,0
2026-07-07 01:00:00+00:00,0,0,0,0,0,0,0
2026-07-07 02:00:00+00:00,0,0,0,0,0,0,0
2026-07-07 03:00:00+00:00,0,0,0,0,0,0,0
2026-07-07 04:00:00+00:00,0,0,0,0,0,0,0
2026-07-07 05:00:00+00:00,0,0,0,0,0,0,0
2026-07-07 06:00:00+00:00,0,0,0,0,0,0,0
2026-07-07 07:00:00+00:00,0,0,0,0,0,0,0
2026-07-07 08:00:00+00:00,0,0,0,0,0,0,0
2026-07-07 09:00:00+00:00,0,0,0,0,0,0,0
2026-07-07 10:00:00+00:00,0,0,0,0,0,0,0
2026-07-07 11:00:00+00:00,0,0,0,0,0,26,0
2026-07-07 12:00:00+00:00,0,0,0,0,0,24,0
2026-07-07 13:00:00+00:00,0,0,0,0,0,0,0
2026-07-07 14:00:00+00:00,0,0,0,0,0,23,0
2026-07-07 15:00:00+00:00,0,0,0,0,0,85,0
2026-07-07 16:00:00+00:00,0,0,0,0,0,30,0
2026-07-07 17:00:00+00:00,0,0,0,0,0,31,0
2026-07-07 18:00:00+00:00,0,0,0,0,0,10,0
2026-07-07 19:00:00+00:00,0,0,0,0,0,180,0
2026-07-07 20:00:00+00:00,0,0,0,0,0,113,0
2026-07-07 21:00:00+00:00,0,0,0,0,0,0,0
2026-07-07 22:00:00+00:00,0,0,0,0,0,0,0
2026-07-07 23:00:00+00:00,0,0,0,0,0,0,0
2026-07-08 00:00:00+00:00,0,0,0,0,0,0,0
2026-07-08 01:00:00+00:00,0,0,0,0,0,0,0
2026-07-08 02:00:00+00:00,0,0,0,0,0,0,0
2026-07-08 03:00:00+00:00,0,0,0,0,0,0,0
2026-07-08 04:00:00+00:00,0,0,0,0,0,0,0
2026-07-08 05:00:00+00:00,0,0,0,0,0,0,0
2026-07-08 06:00:00+00:00,0,0,0,0,0,0,0
2026-07-08 07:00:00+00:00,0,0,0,0,0,0,0
2026-07-08 08:00:00+00:00,0,0,0,0,0,0,0
2026-07-08 09:00:00+00:00,0,0,0,0,0,0,0
2026-07-08 10:00:00+00:00,0,0,0,0,0,0,0
2026-07-08 11:00:00+00:00,0,0,0,0,0,25,0
2026-07-08 12:00:00+00:00,0,0,0,0,0,86,0
2026-07-08 13:00:00+00:00,0,0,0,0,0,58,0
2026-07-08 14:00:00+00:00,0,0,0,0,0,0,0
2026-07-08 15:00:00+00:00,0,0,0,0,0,0,0
2026-07-08 16:00:00+00:00,0,0,0,0,0,36,0
2026-07-08 17:00:00+00:00,0,0,0,0,0,6,0
2026-07-08 18:00:00+00:00,0,0,0,0,0,19,0
2026-07-08 19:00:00+00:00,0,0,0,0,0,0,0
2026-07-08 20:00:00+00:00,0,0,0,0,0,0,0
2026-07-08 21:00:00+00:00,0,0,0,0,0,0,0
2026-07-08 22:00:00+00:00,0,0,0,0,0,0,0
2026-07-08 23:00:00+00:00,0,0,0,0,0,0,0
2026-07-09 00:00:00+00:00,0,0,0,0,0,0,0
2026-07-09 01:00:00+00:00,0,0,0,0,0,0,0
2026-07-09 02:00:00+00:00,0,0,0,0,0,0,0
2026-07-09 03:00:00+00:00,0,0,0,0,0,0,0
2026-07-09 04:00:00+00:00,0,0,0,0,0,0,0
2026-07-09 05:00:00+00:00,0,0,0,0,0,0,0
2026-07-09 06:00:00+00:00,0,0,0,0,0,0,0
2026-07-09 07:00:00+00:00,0,0,0,0,0,0,0
2026-07-09 08:00:00+00:00,0,0,0,0,0,0,0
2026-07-09 09:00:00+00:00,0,0,0,0,0,0,0
2026-07-09 10:00:00+00:00,0,0,0,0,0,0,0
2026-07-09 11:00:00+00:00,0,0,0,0,0,0,0
2026-07-09 12:00:00+00:00,0,0,0,0,0,25,0
2026-07-09 13:00:00+00:00,0,0,0,0,0,0,0
2026-07-09 14:00:00+00:00,0,0,0,0,0,0,0
2026-07-09 15:00:00+00:00,0,0,0,0,0,0,0
2026-07-09 16:00:00+00:00,0,0,0,0,0,71,0
2026-07-09 17:00:00+00:00,0,0,0,0,0,58,0
2026-07-09 18:00:00+00:00,0,0,0,0,0,0,0
2026-07-09 19:00:00+00:00,0,0,0,0,0,0,0
2026-07-09 20:00:00+00:00,0,0,0,0,0,0,0
2026-07-09 21:00:00+00:00,0,0,0,0,0,0,0
2026-07-09 22:00:00+00:00,0,0,0,0,0,0,0
2026-07-09 23:00:00+00:00,0,0,0,0,0,0,0
2026-07-10 00:00:00+00:00,0,0,0,0,0,0,0
2026-07-10 01:00:00+00:00,0,0,0,0,0,0,0
2026-07-10 02:00:00+00:00,0,0,0,0,0,0,0
2026-07-10 03:00:00+00:00,0,0,0,0,0,0,0
2026-07-10 04:00:00+00:00,0,0,0,0,0,0,0
2026-07-10 05:00:00+00:00,0,0,0,0,0,0,0
2026-07-10 06:00:00+00:00,0,0,0,0,0,0,0
2026-07-10 07:00:00+00:00,0,0,0,0,0,0,0
2026-07-10 08:00:00+00:00,0,0,0,0,0,0,0
2026-07-10 09:00:00+00:00,0,0,0,0,0,0,0
2026-07-10 10:00:00+00:00,0,0,0,0,0,0,0
2026-07-10 11:00:00+00:00,0,0,0,0,0,0,0
2026-07-10 12:00:00+00:00,0,0,0,0,0,0,0
2026-07-10 13:00:00+00:00,0,0,0,0,0,0,0
2026-07-10 14:00:00+00:00,0,0,0,0,0,0,0
2026-07-10 15:00:00+00:00,0,0,0,0,0,0,0
2026-07-10 16:00:00+00:00,0,0,0,0,0,0,0
2026-07-10 17:00:00+00:00,0,0,0,0,0,0,0
2026-07-10 18:00:00+00:00,0,0,0,0,0,0,0
2026-07-10 19:00:00+00:00,0,0,0,0,0,0,0
2026-07-10 20:00:00+00:00,0,0,0,0,0,0,0
2026-07-10 21:00:00+00:00,0,0,0,0,0,0,0
2026-07-10 22:00:00+00:00,0,0,0,0,0,0,0
2026-07-10 23:00:00+00:00,0,0,0,0,0,0,0
2026-07-11 00:00:00+00:00,0,0,0,0,0,0,0
2026-07-11 01:00:00+00:00,0,0,0,0,0,0,0
2026-07-11 02:00:00+00:00,0,0,0,0,0,0,0
2026-07-11 03:00:00+00:00,0,0,0,0,0,0,0
2026-07-11 04:00:00+00:00,0,0,0,0,0,0,0
2026-07-11 05:00:00+00:00,0,0,0,0,0,0,0
2026-07-11 06:00:00+00:00,0,0,0,0,0,0,0
2026-07-11 07:00:00+00:00,0,0,0,0,0,0,0
2026-07-11 08:00:00+00:00,0,0,0,0,0,0,0
2026-07-11 09:00:00+00:00,0,0,0,0,0,0,0
2026-07-11 10:00:00+00:00,0,0,0,0,0,0,0
2026-07-11 11:00:00+00:00,0,0,0,0,0,0,0
2026-07-11 12:00:00+00:00,0,0,0,0,0,0,0
2026-07-11 13:00:00+00:00,0,0,0,0,0,0,0
2026-07-11 14:00:00+00:00,0,0,0,0,0,0,0
2026-07-11 15:00:00+00:00,0,0,0,0,0,0,0
2026-07-11 16:00:00+00:00,0,0,0,0,0,0,0
2026-07-11 17:00:00+00:00,0,0,0,0,0,0,0
2026-07-11 18:00:00+00:00,0,0,0,0,0,0,0
2026-07-11 19:00:00+00:00,0,0,0,0,0,0,0
2026-07-11 20:00:00+00:00,0,0,0,0,0,73,0
2026-07-11 21:00:00+00:00,0,0,0,0,0,13,0
2026-07-11 22:00:00+00:00,0,0,0,0,0,0,0
2026-07-11 23:00:00+00:00,0,0,0,0,0,0,0
2026-07-12 00:00:00+00:00,0,0,0,0,0,0,0
2026-07-12 01:00:00+00:00,0,0,0,0,0,0,0
2026-07-12 02:00:00+00:00,0,0,0,0,0,0,0
2026-07-12 03:00:00+00:00,0,0,0,0,0,0,0
2026-07-12 04:00:00+00:00,0,0,0,0,0,0,0
2026-07-12 05:00:00+00:00,0,0,0,0,0,0,0
2026-07-12 06:00:00+00:00,0,0,0,0,0,0,0
2026-07-12 07:00:00+00:00,0,0,0,0,0,0,0
2026-07-12 08:00:00+00:00,0,0,0,0,0,0,0
2026-07-12 09:00:00+00:00,0,0,0,0,0,0,0
2026-07-12 10:00:00+00:00,0,0,0,0,0,0,0
2026-07-12 11:00:00+00:00,0,0,0,0,0,0,0
2026-07-12 12:00:00+00:00,0,0,0,0,0,0,0
2026-07-12 13:00:00+00:00,0,0,0,0,0,0,0
2026-07-12 14:00:00+00:00,0,0,0,0,0,0,0
2026-07-12 15:00:00+00:00,0,0,0,0,0,0,0
2026-07-12 16:00:00+00:00,0,0,0,0,0,0,0
2026-07-12 17:00:00+00:00,0,0,0,0,0,0,0
2026-07-12 18:00:00+00:00,0,0,0,0,0,39,0
2026-07-12 19:00:00+00:00,0,0,0,0,0,83,0
2026-07-12 20:00:00+00:00,0,0,0,0,0,10,0
2026-07-12 21:00:00+00:00,0,0,0,0,0,100,0
2026-07-12 22:00:00+00:00,0,0,0,0,0,0,0
2026-07-12 23:00:00+00:00,0,0,0,0,0,0,0
2026-07-13 00:00:00+00:00,0,0,0,0,0,0,0
2026-07-13 01:00:00+00:00,0,0,0,0,0,0,0
2026-07-13 02:00:00+00:00,0,0,0,0,0,0,0
2026-07-13 03:00:00+00:00,0,0,0,0,0,0,0
2026-07-13 04:00:00+00:00,0,0,0,0,0,0,0
2026-07-13 05:00:00+00:00,0,0,0,0,0,0,0
2026-07-13 06:00:00+00:00,0,0,0,0,0,0,0
2026-07-13 07:00:00+00:00,0,0,0,0,0,0,0
2026-07-13 08:00:00+00:00,0,0,0,0,0,0,0
2026-07-13 09:00:00+00:00,0,0,0,0,0,0,0
2026-07-13 10:00:00+00:00,0,0,0,0,0,0,0
2026-07-13 11:00:00+00:00,0,0,0,0,0,0,0
2026-07-13 12:00:00+00:00,0,0,0,0,0,0,0
2026-07-13 13:00:00+00:00,0,0,0,0,0,0,0
2026-07-13 14:00:00+00:00,0,0,0,0,0,0,0
2026-07-13 15:00:00+00:00,0,0,0,0,0,0,0
2026-07-13 16:00:00+00:00,0,0,0,0,0,0,0
2026-07-13 17:00:00+00:00,0,0,0,0,0,44,0
2026-07-13 18:00:00+00:00,0,0,0,0,0,27,0
2026-07-13 19:00:00+00:00,0,0,0,0,0,152,0
2026-07-13 20:00:00+00:00,0,0,0,0,0,129,0
2026-07-13 21:00:00+00:00,0,0,0,0,0,137,0
2026-07-13 22:00:00+00:00,0,0,0,0,0,23,0
2026-07-13 23:00:00+00:00,0,0,0,0,0,0,0
2026-07-14 00:00:00+00:00,0,0,0,0,0,0,0
2026-07-14 01:00:00+00:00,0,0,0,0,0,0,0
2026-07-14 02:00:00+00:00,0,0,0,0,0,0,0
2026-07-14 03:00:00+00:00,0,0,0,0,0,0,0
2026-07-14 04:00:00+00:00,0,0,0,0,0,0,0
2026-07-14 05:00:00+00:00,0,0,0,0,0,0,0
2026-07-14 06:00:00+00:00,0,0,0,0,0,0,0
2026-07-14 07:00:00+00:00,0,0,0,0,0,0,0
2026-07-14 08:00:00+00:00,0,0,0,0,0,0,0
2026-07-14 09:00:00+00:00,0,0,0,0,0,0,0
2026-07-14 10:00:00+00:00,0,0,0,0,0,0,0
2026-07-14 11:00:00+00:00,0,0,0,0,0,0,0
2026-07-14 12:00:00+00:00,0,0,0,0,0,117,0
2026-07-14 13:00:00+00:00,0,0,0,0,0,32,0
