time,nodes,unique_edges,components,giant,giant_fraction,mean_degree
2026-05-24 06:00:00+00:00,2,1,1,2,1.0,1.0
2026-05-24 11:00:00+00:00,3,2,1,3,1.0,1.3333333333333333
2026-05-24 12:00:00+00:00,3,2,1,3,1.0,1.3333333333333333
2026-05-24 13:00:00+00:00,8,5,3,3,0.375,1.25
2026-05-24 14:00:00+00:00,14,10,4,6,0.42857142857142855,1.4285714285714286
2026-05-24 18:00:00+00:00,17,12,5,6,0.35294117647058826,1.411764705882353
2026-05-26 10:00:00+00:00,23,16,7,6,0.2608695652173913,1.391304347826087
2026-05-26 11:00:00+00:00,30,23,8,6,0.2,1.5333333333333334
2026-05-26 13:00:00+00:00,38,30,9,10,0.2631578947368421,1.5789473684210527
2026-05-26 14:00:00+00:00,50,41,10,19,0.38,1.64
2026-05-26 15:00:00+00:00,60,48,13,22,0.36666666666666664,1.6
2026-05-26 16:00:00+00:00,88,86,11,59,0.6704545454545454,1.9545454545454546
2026-05-26 17:00:00+00:00,89,87,11,60,0.6741573033707865,1.9550561797752808
2026-05-27 01:00:00+00:00,91,88,12,60,0.6593406593406593,1.934065934065934
2026-05-27 02:00:00+00:00,91,89,11,62,0.6813186813186813,1.956043956043956
2026-05-27 06:00:00+00:00,94,91,12,62,0.6595744680851063,1.9361702127659575
2026-05-27 07:00:00+00:00,99,95,13,62,0.6262626262626263,1.9191919191919191
2026-05-27 08:00:00+00:00,105,101,13,62,0.5904761904761905,1.9238095238095239
2026-05-27 12:00:00+00:00,107,102,14,62,0.5794392523364486,1.9065420560747663
2026-05-28 00:00:00+00:00,108,103,14,63,0.5833333333333334,1.9074074074074074
2026-05-28 07:00:00+00:00,110,104,15,63,0.5727272727272728,1.8909090909090909
2026-05-28 12:00:00+00:00,113,106,16,63,0.5575221238938053,1.8761061946902655
2026-05-28 13:00:00+00:00,121,114,16,81,0.6694214876033058,1.884297520661157
2026-05-28 14:00:00+00:00,124,117,16,84,0.6774193548387096,1.8870967741935485
2026-05-28 15:00:00+00:00,132,124,17,88,0.6666666666666666,1.878787878787879
2026-05-28 16:00:00+00:00,134,125,18,88,0.6567164179104478,1.8656716417910448
2026-05-28 18:00:00+00:00,135,126,18,89,0.6592592592592592,1.8666666666666667
2026-05-29 21:00:00+00:00,137,128,18,91,0.6642335766423357,1.8686131386861313
2026-05-29 22:00:00+00:00,147,141,18,98,0.6666666666666666,1.9183673469387754
2026-05-29 23:00:00+00:00,162,152,22,104,0.6419753086419753,1.876543209876543
2026-05-30 17:00:00+00:00,164,155,21,108,0.6585365853658537,1.8902439024390243
2026-05-30 20:00:00+00:00,169,158,23,109,0.6449704142011834,1.8698224852071006
2026-05-30 21:00:00+00:00,171,161,23,109,0.6374269005847953,1.8830409356725146
2026-05-30 22:00:00+00:00,172,162,23,109,0.6337209302325582,1.8837209302325582
2026-05-30 23:00:00+00:00,174,164,23,112,0.6436781609195402,1.8850574712643677
2026-05-31 00:00:00+00:00,177,167,23,115,0.6497175141242938,1.887005649717514
2026-06-01 03:00:00+00:00,179,168,24,115,0.6424581005586593,1.8770949720670391
2026-06-01 12:00:00+00:00,181,169,25,115,0.6353591160220995,1.867403314917127
2026-06-01 13:00:00+00:00,183,170,26,115,0.6284153005464481,1.8579234972677596
2026-06-01 14:00:00+00:00,194,179,28,118,0.6082474226804123,1.8453608247422681
2026-06-01 15:00:00+00:00,198,182,29,119,0.601010101010101,1.8383838383838385
2026-06-02 09:00:00+00:00,200,183,30,119,0.595,1.83
2026-06-04 18:00:00+00:00,201,184,30,119,0.5920398009950248,1.8308457711442787
2026-06-05 02:00:00+00:00,202,185,30,119,0.5891089108910891,1.8316831683168318
2026-06-07 05:00:00+00:00,204,186,31,119,0.5833333333333334,1.8235294117647058
2026-06-07 20:00:00+00:00,205,187,31,119,0.5804878048780487,1.824390243902439
2026-06-08 04:00:00+00:00,207,188,32,119,0.5748792270531401,1.816425120772947
2026-06-09 00:00:00+00:00,208,189,32,119,0.5721153846153846,1.8173076923076923
2026-06-11 03:00:00+00:00,210,190,33,119,0.5666666666666667,1.8095238095238095
2026-06-11 04:00:00+00:00,214,194,34,119,0.5560747663551402,1.8130841121495327
2026-06-11 05:00:00+00:00,220,200,34,119,0.5409090909090909,1.8181818181818181
2026-06-11 06:00:00+00:00,222,205,33,119,0.536036036036036,1.8468468468468469
2026-06-11 07:00:00+00:00,229,214,33,120,0.5240174672489083,1.8689956331877728
2026-06-11 08:00:00+00:00,230,217,33,120,0.5217391304347826,1.8869565217391304
2026-06-11 09:00:00+00:00,232,221,32,147,0.6336206896551724,1.9051724137931034
2026-06-11 10:00:00+00:00,235,227,32,150,0.6382978723404256,1.9319148936170212
2026-06-11 11:00:00+00:00,236,230,31,153,0.6483050847457628,1.9491525423728813
2026-06-11 12:00:00+00:00,238,234,31,155,0.6512605042016807,1.9663865546218486
2026-06-11 13:00:00+00:00,239,236,31,156,0.6527196652719666,1.9748953974895398
2026-06-11 14:00:00+00:00,243,243,31,160,0.6584362139917695,2.0
2026-06-11 15:00:00+00:00,245,244,32,160,0.6530612244897959,1.9918367346938775
2026-06-11 18:00:00+00:00,246,245,32,161,0.6544715447154471,1.991869918699187
2026-06-16 07:00:00+00:00,253,250,34,161,0.6363636363636364,1.976284584980237
2026-06-16 08:00:00+00:00,264,262,36,161,0.6098484848484849,1.9848484848484849
2026-06-16 09:00:00+00:00,290,301,36,191,0.6586206896551724,2.075862068965517
2026-06-16 10:00:00+00:00,303,343,36,200,0.6600660066006601,2.264026402640264
2026-06-16 11:00:00+00:00,306,353,36,200,0.6535947712418301,2.30718954248366
2026-06-16 12:00:00+00:00,312,363,36,203,0.6506410256410257,2.326923076923077
2026-06-16 13:00:00+00:00,313,366,35,215,0.6869009584664537,2.3386581469648564
2026-06-16 14:00:00+00:00,313,367,35,215,0.6869009584664537,2.3450479233226837
2026-06-16 15:00:00+00:00,313,367,35,215,0.6869009584664537,2.3450479233226837
2026-06-16 17:00:00+00:00,315,368,36,215,0.6825396825396826,2.3365079365079366
2026-06-16 18:00:00+00:00,381,433,45,252,0.6614173228346457,2.272965879265092
2026-06-16 19:00:00+00:00,626,896,39,521,0.8322683706070287,2.862619808306709
2026-06-16 20:00:00+00:00,728,1121,41,618,0.8489010989010989,3.07967032967033
2026-06-16 21:00:00+00:00,803,1367,37,704,0.8767123287671232,3.4047322540473224
2026-06-16 22:00:00+00:00,833,1501,37,734,0.8811524609843937,3.6038415366146457
2026-06-16 23:00:00+00:00,843,1559,37,744,0.8825622775800712,3.698695136417556
2026-06-17 00:00:00+00:00,862,1611,40,757,0.8781902552204176,3.737819025522042
2026-06-17 01:00:00+00:00,904,1716,39,801,0.8860619469026548,3.7964601769911503
2026-06-17 02:00:00+00:00,942,1814,41,835,0.886411889596603,3.851380042462845
2026-06-17 03:00:00+00:00,964,1869,40,859,0.8910788381742739,3.8775933609958506
2026-06-17 04:00:00+00:00,971,1888,41,864,0.8898043254376931,3.888774459320288
2026-06-17 05:00:00+00:00,977,1906,41,870,0.8904810644831116,3.9017400204708292
2026-06-17 06:00:00+00:00,988,1934,42,879,0.8896761133603239,3.91497975708502
2026-06-17 07:00:00+00:00,1007,1968,44,894,0.887785501489573,3.9086395233366433
2026-06-17 08:00:00+00:00,1017,1990,43,906,0.8908554572271387,3.9134709931170106
2026-06-17 09:00:00+00:00,1029,2014,44,916,0.8901846452866861,3.9144800777453836
2026-06-17 10:00:00+00:00,1030,2021,43,919,0.8922330097087379,3.9242718446601943
2026-06-17 11:00:00+00:00,1034,2030,43,923,0.8926499032882012,3.9264990328820115
2026-06-17 12:00:00+00:00,1038,2039,43,927,0.8930635838150289,3.928709055876686
2026-06-17 13:00:00+00:00,1041,2045,43,930,0.8933717579250721,3.928914505283381
2026-06-17 14:00:00+00:00,1041,2045,43,930,0.8933717579250721,3.928914505283381
2026-06-17 15:00:00+00:00,1041,2049,43,930,0.8933717579250721,3.936599423631124
2026-06-17 16:00:00+00:00,1064,2082,43,948,0.8909774436090225,3.9135338345864663
2026-06-17 17:00:00+00:00,1074,2103,43,958,0.8919925512104283,3.916201117318436
2026-06-17 18:00:00+00:00,1080,2118,43,969,0.8972222222222223,3.922222222222222
2026-06-17 19:00:00+00:00,1086,2128,45,971,0.8941068139963168,3.9189686924493556
2026-06-17 20:00:00+00:00,1089,2133,45,972,0.8925619834710744,3.9173553719008263
2026-06-17 21:00:00+00:00,1095,2143,44,982,0.8968036529680365,3.9141552511415525
2026-06-17 22:00:00+00:00,1097,2149,44,984,0.8969917958067457,3.9179580674567003
2026-06-17 23:00:00+00:00,1099,2152,44,986,0.8971792538671519,3.916287534121929
2026-06-18 00:00:00+00:00,1101,2158,44,988,0.8973660308810173,3.9200726612170755
2026-06-18 01:00:00+00:00,1103,2164,44,990,0.8975521305530372,3.9238440616500454
2026-06-18 02:00:00+00:00,1103,2164,44,990,0.8975521305530372,3.9238440616500454
2026-06-18 03:00:00+00:00,1103,2164,44,990,0.8975521305530372,3.9238440616500454
2026-06-18 04:00:00+00:00,1104,2166,44,991,0.8976449275362319,3.9239130434782608
2026-06-18 05:00:00+00:00,1106,2167,45,991,0.8960216998191681,3.918625678119349
2026-06-18 06:00:00+00:00,1108,2171,45,993,0.8962093862815884,3.9187725631768955
2026-06-18 07:00:00+00:00,1109,2173,45,994,0.8963029756537421,3.9188458070333634
2026-06-18 08:00:00+00:00,1110,2174,45,995,0.8963963963963963,3.917117117117117
2026-06-18 09:00:00+00:00,1110,2175,45,995,0.8963963963963963,3.918918918918919
2026-06-18 10:00:00+00:00,1110,2177,45,995,0.8963963963963963,3.9225225225225224
2026-06-18 11:00:00+00:00,1111,2178,45,996,0.8964896489648965,3.9207920792079207
2026-06-18 13:00:00+00:00,1111,2179,45,996,0.8964896489648965,3.922592259225923
2026-06-18 14:00:00+00:00,1113,2182,46,996,0.894878706199461,3.920934411500449
2026-06-18 15:00:00+00:00,1139,2210,49,1016,0.8920105355575065,3.8805970149253732
2026-06-18 16:00:00+00:00,1178,2286,49,1054,0.8947368421052632,3.8811544991511036
2026-06-18 17:00:00+00:00,1264,2484,50,1137,0.8995253164556962,3.930379746835443
2026-06-18 18:00:00+00:00,1473,2948,50,1348,0.9151391717583164,4.002715546503734
2026-06-18 19:00:00+00:00,1661,3642,46,1544,0.9295605057194462,4.3853100541842265
2026-06-18 20:00:00+00:00,1821,4511,46,1704,0.9357495881383855,4.954420647995607
2026-06-18 21:00:00+00:00,1870,4819,45,1753,0.9374331550802139,5.154010695187166
2026-06-18 22:00:00+00:00,1873,4824,45,1755,0.9369994660971703,5.151094500800855
2026-06-18 23:00:00+00:00,1877,4840,45,1759,0.9371337240277038,5.157165689930741
2026-06-19 00:00:00+00:00,1884,4869,45,1766,0.9373673036093418,5.1687898089171975
2026-06-19 01:00:00+00:00,1886,4887,45,1768,0.9374337221633086,5.182396606574762
2026-06-19 02:00:00+00:00,1887,4892,45,1769,0.9374668786433492,5.184949655537891
2026-06-19 03:00:00+00:00,1890,4906,44,1775,0.9391534391534392,5.1915343915343914
2026-06-19 04:00:00+00:00,1891,4910,44,1776,0.9391856160761501,5.193019566367002
2026-06-19 05:00:00+00:00,1893,4912,45,1776,0.9381933438985737,5.189646064447966
2026-06-19 06:00:00+00:00,1894,4913,45,1776,0.9376979936642027,5.187961985216473
2026-06-19 07:00:00+00:00,1895,4916,45,1777,0.937730870712401,5.188390501319261
2026-06-19 08:00:00+00:00,1899,4921,46,1779,0.9368088467614534,5.18272775144813
2026-06-19 09:00:00+00:00,1902,4928,46,1781,0.9363827549947423,5.181913774973712
2026-06-19 10:00:00+00:00,1904,4934,46,1783,0.9364495798319328,5.182773109243698
2026-06-19 11:00:00+00:00,1904,4936,46,1783,0.9364495798319328,5.184873949579832
2026-06-19 12:00:00+00:00,1918,4957,48,1787,0.9316996871741398,5.1689259645464025
2026-06-19 13:00:00+00:00,1925,4968,47,1793,0.9314285714285714,5.161558441558442
2026-06-19 14:00:00+00:00,1931,4980,47,1809,0.9368203003625065,5.1579492490937335
2026-06-19 15:00:00+00:00,1938,4987,47,1809,0.93343653250774,5.146542827657378
2026-06-19 16:00:00+00:00,1940,4990,47,1811,0.9335051546391753,5.144329896907217
2026-06-19 18:00:00+00:00,1945,4994,48,1811,0.9311053984575836,5.135218508997429
2026-06-19 19:00:00+00:00,1950,4998,49,1814,0.9302564102564103,5.126153846153846
2026-06-19 20:00:00+00:00,1960,5015,50,1825,0.9311224489795918,5.11734693877551
2026-06-19 21:00:00+00:00,1963,5018,50,1828,0.9312277126846663,5.112582781456954
2026-06-19 22:00:00+00:00,1965,5021,50,1830,0.9312977099236641,5.110432569974555
2026-06-19 23:00:00+00:00,1977,5031,53,1830,0.9256449165402124,5.089529590288316
2026-06-20 00:00:00+00:00,1991,5051,54,1830,0.9191361125062782,5.073832245102963
2026-06-20 01:00:00+00:00,2016,5098,54,1830,0.9077380952380952,5.057539682539683
2026-06-20 02:00:00+00:00,2037,5139,54,1893,0.9293078055964654,5.045655375552283
2026-06-20 03:00:00+00:00,2051,5166,55,1904,0.9283276450511946,5.037542662116041
2026-06-20 04:00:00+00:00,2055,5174,56,1906,0.9274939172749391,5.0355231143552315
2026-06-20 05:00:00+00:00,2066,5207,54,1920,0.9293320425943853,5.040658276863504
2026-06-20 06:00:00+00:00,2075,5234,56,1924,0.9272289156626506,5.0448192771084335
2026-06-20 08:00:00+00:00,2077,5239,56,1926,0.9272989889263361,5.044776119402985
2026-06-20 09:00:00+00:00,2087,5253,57,1934,0.926689027311931,5.034020124580738
2026-06-20 10:00:00+00:00,2099,5272,58,1944,0.9261553120533588,5.02334444973797
2026-06-20 11:00:00+00:00,2103,5279,58,1947,0.9258202567760342,5.020446980504042
2026-06-20 12:00:00+00:00,2104,5284,57,1950,0.9268060836501901,5.022813688212928
2026-06-20 13:00:00+00:00,2105,5289,57,1951,0.9268408551068884,5.0251781472684085
2026-06-20 14:00:00+00:00,2107,5291,57,1953,0.9269102990033222,5.022306597057428
2026-06-20 16:00:00+00:00,2107,5292,57,1953,0.9269102990033222,5.023255813953488
2026-06-20 17:00:00+00:00,2114,5298,59,1956,0.9252601702932829,5.0122989593188265
2026-06-20 18:00:00+00:00,2115,5299,59,1957,0.9252955082742317,5.010874704491726
2026-06-20 19:00:00+00:00,2119,5302,60,1957,0.9235488437942425,5.004247286455875
2026-06-20 20:00:00+00:00,2120,5303,60,1957,0.9231132075471699,5.002830188679245
2026-06-20 21:00:00+00:00,2123,5310,60,1959,0.9227508243052285,5.002355157795573
2026-06-20 23:00:00+00:00,2123,5311,60,1959,0.9227508243052285,5.003297220913801
2026-06-21 01:00:00+00:00,2125,5312,61,1959,0.9218823529411765,4.999529411764706
2026-06-21 02:00:00+00:00,2130,5321,61,1959,0.9197183098591549,4.996244131455399
2026-06-21 03:00:00+00:00,2152,5345,64,1959,0.9103159851301115,4.967472118959108
2026-06-21 05:00:00+00:00,2155,5352,64,1959,0.9090487238979118,4.967053364269142
2026-06-21 06:00:00+00:00,2160,5367,62,1985,0.9189814814814815,4.969444444444444
2026-06-21 07:00:00+00:00,2167,5385,61,2000,0.9229349330872173,4.970004614674665
2026-06-21 08:00:00+00:00,2180,5420,61,2013,0.923394495412844,4.972477064220183
2026-06-21 09:00:00+00:00,2184,5434,61,2017,0.9235347985347986,4.976190476190476
2026-06-21 10:00:00+00:00,2193,5452,61,2026,0.9238486092111263,4.97218422252622
2026-06-21 11:00:00+00:00,2201,5460,62,2032,0.923216719672876,4.961381190368015
2026-06-21 12:00:00+00:00,2205,5469,61,2038,0.9242630385487528,4.960544217687075
2026-06-21 13:00:00+00:00,2214,5484,61,2047,0.9245709123757905,4.953929539295393
2026-06-21 14:00:00+00:00,2220,5495,61,2053,0.9247747747747748,4.95045045045045
2026-06-21 15:00:00+00:00,2222,5500,61,2055,0.9248424842484249,4.9504950495049505
2026-06-21 16:00:00+00:00,2225,5504,61,2058,0.9249438202247191,4.947415730337078
2026-06-21 17:00:00+00:00,2235,5517,62,2066,0.9243847874720358,4.936912751677852
2026-06-21 18:00:00+00:00,2246,5529,63,2074,0.9234194122885129,4.923419412288513
2026-06-21 19:00:00+00:00,2257,5548,63,2085,0.9237926451041205,4.9162605228178995
2026-06-21 20:00:00+00:00,2265,5566,63,2093,0.9240618101545254,4.914790286975718
2026-06-21 21:00:00+00:00,2272,5579,63,2100,0.9242957746478874,4.911091549295775
2026-06-21 22:00:00+00:00,2280,5593,63,2108,0.9245614035087719,4.906140350877193
2026-06-21 23:00:00+00:00,2285,5607,63,2113,0.9247264770240701,4.907658643326039
2026-06-22 00:00:00+00:00,2287,5619,63,2115,0.9247923043288151,4.913860953213817
2026-06-22 01:00:00+00:00,2287,5620,63,2115,0.9247923043288151,4.914735461303017
2026-06-22 02:00:00+00:00,2359,5741,65,2181,0.9245442984315387,4.867316659601526
2026-06-22 03:00:00+00:00,2368,5774,64,2194,0.9265202702702703,4.8766891891891895
2026-06-22 06:00:00+00:00,2381,5800,64,2207,0.9269214615707686,4.871902561948761
2026-06-22 07:00:00+00:00,2381,5802,64,2207,0.9269214615707686,4.873582528349433
2026-06-22 08:00:00+00:00,2450,5928,65,2274,0.9281632653061225,4.839183673469388
2026-06-22 09:00:00+00:00,2452,5932,65,2276,0.9282218597063622,4.838499184339315
2026-07-02 16:00:00+00:00,2456,5935,66,2276,0.9267100977198697,4.833061889250814
