group,hours,survival
dse,0,1.0
dse,6,0.9787451984635083
dse,12,0.9749039692701664
dse,18,0.972855313700384
dse,24,0.9613316261203584
dse,30,0.9485275288092189
dse,36,0.9423815620998719
dse,42,0.9354673495518565
dse,48,0.9354673495518565
dse,54,0.9334186939820742
dse,60,0.9321382842509603
dse,66,0.9288092189500641
dse,72,0.925224071702945
dse,78,0.9160051216389244
dse,84,0.9144686299615876
dse,90,0.9134443021766965
dse,96,0.9129321382842509
dse,102,0.9129321382842509
dse,108,0.8842509603072983
dse,114,0.8775928297055058
dse,120,0.8627400768245839
dse,126,0.8622279129321383
dse,132,0.8622279129321383
dse,138,0.8617157490396927
dse,144,0.860179257362356
dse,150,0.858898847631242
dse,156,0.8583866837387965
dse,162,0.8453265044814341
dse,168,0.8445582586427657
dse,174,0.843021766965429
dse,180,0.8425096030729834
dse,186,0.8414852752880922
dse,192,0.8402048655569783
dse,198,0.8396927016645327
dse,204,0.8215108834827145
dse,210,0.8112676056338028
dse,216,0.7915492957746479
dse,222,0.7836107554417414
dse,228,0.7697823303457106
dse,234,0.7559539052496799
dse,240,0.731370038412292
dse,246,0.7147247119078105
dse,252,0.712932138284251
dse,258,0.712932138284251
dse,264,0.7126760563380281
dse,270,0.7121638924455825
dse,276,0.7083226632522407
dse,282,0.7052496798975671
dse,288,0.6960307298335467
dse,294,0.6862996158770807
dse,300,0.6857874519846351
dse,306,0.682202304737516
dse,312,0.6368758002560819
dse,318,0.6261203585147247
dse,324,0.6261203585147247
dse,330,0.6261203585147247
dse,336,0.6215108834827144
dse,342,0.5974391805377721
dse,348,0.5933418693982074
dse,354,0.587708066581306
dse,360,0.5818181818181818
dse,366,0.569270166453265
dse,372,0.569270166453265
dse,378,0.5690140845070422
dse,384,0.5590268886043533
dse,390,0.5541613316261202
dse,396,0.5541613316261202
dse,402,0.5364916773367476
dse,408,0.5282970550576183
dse,414,0.500384122919334
dse,420,0.500384122919334
dse,426,0.4985915492957745
dse,432,0.48348271446862984
dse,438,0.4811779769526247
dse,444,0.4809218950064019
dse,450,0.4696542893725991
dse,456,0.45121638924455815
dse,462,0.4463508322663251
dse,468,0.4450704225352112
dse,474,0.44430217669654276
dse,480,0.44199743918053763
dse,486,0.4394366197183097
dse,492,0.4376440460947502
dse,498,0.4350832266325223
dse,504,0.3743918053777208
dse,510,0.3580025608194622
dse,516,0.33469910371318823
dse,522,0.3211267605633803
dse,528,0.3183098591549296
dse,534,0.30960307298335465
dse,540,0.30447719429157727
dse,546,0.29293425095280645
dse,552,0.2857519750975713
dse,558,0.2852389553936259
dse,564,0.28139130761403564
dse,570,0.27728714998247267
dse,576,0.27215695294301895
dse,582,0.24830153670955923
dse,588,0.24753200715364118
dse,594,0.24727549730166848
dse,600,0.23342396529514348
dse,606,0.2121336475814106
dse,612,0.21162062787746522
dse,618,0.20418184217025734
dse,624,0.18360936436972763
dse,630,0.16375273367243967
dse,636,0.16168970710648767
dse,642,0.1503430609937517
dse,648,0.11346646112735978
dse,654,0.09747800524123182
dse,660,0.09077316890188783
dse,666,0.08637674761604142
dse,672,0.08327339141426748
dse,678,0.07185897016122147
dse,684,0.015824538555359244
dse,690,0.015824538555359244
dse,696,0.015305701225675334
dse,702,0.015305701225675334
dse,708,0.015305701225675334
dse,714,0.015305701225675334
dse,720,0.015305701225675334
dse,726,0.01452744523114947
dse,732,0.01452744523114947
dse,738,0.014268026566307514
dse,744,0.014268026566307514
dse,750,0.014268026566307514
dse,756,0.014268026566307514
dse,762,0.014268026566307514
dse,768,0.014268026566307514
dse,774,0.014268026566307514
dse,780,0.014268026566307514
dse,786,0.014268026566307514
dse,792,0.013749189236623605
dse,798,0.013749189236623605
dse,804,0.01348977057178165
dse,810,0.01348977057178165
dse,816,0.01348977057178165
dse,822,0.01348977057178165
dse,828,0.01348977057178165
dse,834,0.01348977057178165
dse,840,0.01348977057178165
dse,846,0.013230351906939695
dse,852,0.013230351906939695
dse,858,0.01297093324209774
dse,864,0.01297093324209774
dse,870,0.012711514577255785
dse,876,0.012711514577255785
dse,882,0.01245209591241383
dse,888,0.01245209591241383
dse,894,0.01245209591241383
dse,900,0.01245209591241383
other wikis,0,1.0
other wikis,6,1.0
other wikis,12,1.0
other wikis,18,1.0
other wikis,24,1.0
other wikis,30,1.0
other wikis,36,1.0
other wikis,42,1.0
other wikis,48,1.0
other wikis,54,1.0
other wikis,60,1.0
other wikis,66,1.0
other wikis,72,1.0
other wikis,78,1.0
other wikis,84,1.0
other wikis,90,1.0
other wikis,96,1.0
other wikis,102,1.0
other wikis,108,1.0
other wikis,114,1.0
other wikis,120,1.0
other wikis,126,1.0
other wikis,132,1.0
other wikis,138,1.0
other wikis,144,1.0
other wikis,150,1.0
other wikis,156,1.0
other wikis,162,1.0
other wikis,168,1.0
other wikis,174,1.0
other wikis,180,1.0
other wikis,186,1.0
other wikis,192,1.0
other wikis,198,1.0
other wikis,204,1.0
other wikis,210,1.0
other wikis,216,1.0
other wikis,222,1.0
other wikis,228,1.0
other wikis,234,1.0
other wikis,240,1.0
other wikis,246,1.0
other wikis,252,1.0
other wikis,258,1.0
other wikis,264,1.0
other wikis,270,1.0
other wikis,276,1.0
other wikis,282,1.0
other wikis,288,1.0
other wikis,294,1.0
other wikis,300,1.0
other wikis,306,1.0
other wikis,312,1.0
other wikis,318,1.0
other wikis,324,1.0
other wikis,330,1.0
other wikis,336,1.0
other wikis,342,1.0
other wikis,348,1.0
other wikis,354,1.0
other wikis,360,1.0
other wikis,366,1.0
other wikis,372,1.0
other wikis,378,1.0
other wikis,384,1.0
other wikis,390,1.0
other wikis,396,1.0
other wikis,402,1.0
other wikis,408,1.0
other wikis,414,1.0
other wikis,420,1.0
other wikis,426,1.0
other wikis,432,1.0
other wikis,438,1.0
other wikis,444,1.0
other wikis,450,1.0
other wikis,456,1.0
other wikis,462,1.0
other wikis,468,1.0
other wikis,474,1.0
other wikis,480,1.0
other wikis,486,1.0
other wikis,492,1.0
other wikis,498,1.0
other wikis,504,1.0
other wikis,510,1.0
other wikis,516,1.0
other wikis,522,1.0
other wikis,528,1.0
other wikis,534,1.0
other wikis,540,1.0
other wikis,546,1.0
other wikis,552,1.0
other wikis,558,1.0
other wikis,564,1.0
other wikis,570,1.0
other wikis,576,1.0
other wikis,582,1.0
other wikis,588,1.0
other wikis,594,1.0
other wikis,600,1.0
other wikis,606,1.0
other wikis,612,1.0
other wikis,618,1.0
other wikis,624,1.0
other wikis,630,1.0
other wikis,636,1.0
other wikis,642,1.0
other wikis,648,1.0
other wikis,654,1.0
other wikis,660,1.0
other wikis,666,1.0
other wikis,672,1.0
other wikis,678,1.0
other wikis,684,1.0
other wikis,690,1.0
other wikis,696,1.0
other wikis,702,1.0
other wikis,708,1.0
other wikis,714,1.0
other wikis,720,1.0
other wikis,726,1.0
other wikis,732,1.0
other wikis,738,1.0
other wikis,744,1.0
other wikis,750,1.0
other wikis,756,1.0
other wikis,762,1.0
other wikis,768,1.0
other wikis,774,1.0
other wikis,780,1.0
other wikis,786,1.0
other wikis,792,1.0
other wikis,798,1.0
other wikis,804,1.0
other wikis,810,1.0
other wikis,816,1.0
other wikis,822,1.0
other wikis,828,1.0
other wikis,834,1.0
other wikis,840,1.0
other wikis,846,1.0
other wikis,852,1.0
other wikis,858,1.0
other wikis,864,1.0
other wikis,870,1.0
other wikis,876,1.0
other wikis,882,1.0
other wikis,888,1.0
other wikis,894,1.0
other wikis,900,1.0
